Level_[m],Interval,Group,Genus,Subgenus,Qualifier_species,Species,Motility,Motility_2,Feeding,Feeding_2,Tiering
0.40,a,1,Gibbirhynchia,,,cantabrica,1,1,1,1,1
0.40,a,1,Gibbirhynchia,,,cantabrica,1,1,1,1,1
0.40,a,1,Gibbirhynchia,,,cantabrica,1,1,1,1,1
0.40,a,1,Gibbirhynchia,,,micra,1,1,1,1,1
0.40,a,1,Gibbirhynchia,,,micra,1,1,1,1,1
0.40,a,1,Gibbirhynchia,,,micra,1,1,1,1,1
0.40,a,1,Gibbirhynchia,,,micra,1,1,1,1,1
0.40,a,1,Gibbirhynchia,,,micra,1,1,1,1,1
0.40,a,1,Gibbirhynchia,,,micra,1,1,1,1,1
0.40,a,1,Gibbirhynchia,,,micra,1,1,1,1,1
0.40,a,1,Gibbirhynchia,,,micra,1,1,1,1,1
0.40,a,1,Gibbirhynchia,,,micra,1,1,1,1,1
0.40,a,1,Gibbirhynchia,,,micra,1,1,1,1,1
0.40,a,1,Gibbirhynchia,,,micra,1,1,1,1,1
0.40,a,1,Gibbirhynchia,,,micra,1,1,1,1,1
0.40,a,1,Gibbirhynchia,,,micra,1,1,1,1,1
0.40,a,1,Gibbirhynchia,,,micra,1,1,1,1,1
0.40,a,1,Gibbirhynchia,,,micra,1,1,1,1,1
0.40,a,1,Gibbirhynchia,,,micra,1,1,1,1,1
0.40,a,1,Gibbirhynchia,,,micra,1,1,1,1,1
0.40,a,1,Gibbirhynchia,,,micra,1,1,1,1,1
0.40,a,1,Gibbirhynchia,,,micra,1,1,1,1,1
0.40,a,1,Gibbirhynchia,,,micra,1,1,1,1,1
0.40,a,1,Gibbirhynchia,,,micra,1,1,1,1,1
0.40,a,1,Gibbirhynchia,,,micra,1,1,1,1,1
0.40,a,1,Gibbirhynchia,,,micra,1,1,1,1,1
0.40,a,1,Gibbirhynchia,,,micra,1,1,1,1,1
0.40,a,1,Gibbirhynchia,,,micra,1,1,1,1,1
0.40,a,1,Lobothyris,,,subpunctata,1,1,1,1,1
0.40,a,1,Lobothyris,,,subpunctata,1,1,1,1,1
0.40,a,2,Entolium,,,corneolum,5,2,1,1,1
0.40,a,2,Gryphaea,Catinula,cf.,crickleyensis,3,1,1,1,1
0.40,a,2,Gryphaea,Bilobissa,,sublobata,4,1,1,1,1
0.40,a,2,Gryphaea,Bilobissa,,sublobata,4,1,1,1,1
0.40,a,2,Gryphaea,Bilobissa,,sublobata,4,1,1,1,1
0.40,a,2,Gryphaea,Bilobissa,,sublobata,4,1,1,1,1
0.40,a,2,Gryphaea,Bilobissa,,sublobata,4,1,1,1,1
0.40,a,2,Gryphaea,Bilobissa,,sublobata,4,1,1,1,1
0.40,a,2,Gryphaea,Bilobissa,,sublobata,4,1,1,1,1
0.40,a,2,Gryphaea,Bilobissa,,sublobata,4,1,1,1,1
0.40,a,2,Gryphaea,Bilobissa,,sublobata,4,1,1,1,1
0.40,a,2,Gryphaea,Bilobissa,,sublobata,4,1,1,1,1
0.40,a,2,Gryphaea,Bilobissa,,sublobata,4,1,1,1,1
0.40,a,2,Gryphaea,Bilobissa,,sublobata,4,1,1,1,1
0.40,a,2,Gryphaea,Bilobissa,,sublobata,4,1,1,1,1
0.40,a,2,Gryphaea,Bilobissa,,sublobata,4,1,1,1,1
0.40,a,2,Gryphaea,Bilobissa,,sublobata,4,1,1,1,1
0.40,a,2,Gryphaea,Bilobissa,,sublobata,4,1,1,1,1
0.40,a,2,Gryphaea,Bilobissa,,sublobata,4,1,1,1,1
0.40,a,2,Gryphaea,Bilobissa,,sublobata,4,1,1,1,1
0.40,a,2,Gryphaea,Bilobissa,,sublobata,4,1,1,1,1
0.40,a,2,Gryphaea,Bilobissa,,sublobata,4,1,1,1,1
0.40,a,2,Gryphaea,Bilobissa,,sublobata,4,1,1,1,1
0.40,a,2,Gryphaea,Bilobissa,,sublobata,4,1,1,1,1
0.40,a,2,Gryphaea,Bilobissa,,sublobata,4,1,1,1,1
0.40,a,2,Gryphaea,Bilobissa,,sublobata,4,1,1,1,1
0.40,a,2,Gryphaea,Bilobissa,,sublobata,4,1,1,1,1
0.40,a,2,Gryphaea,Bilobissa,,sublobata,4,1,1,1,1
0.40,a,2,Gryphaea,Bilobissa,,sublobata,4,1,1,1,1
0.40,a,2,Gryphaea,Bilobissa,,sublobata,4,1,1,1,1
0.40,a,2,Gryphaea,Bilobissa,,sublobata,4,1,1,1,1
0.40,a,2,Gryphaea,Bilobissa,,sublobata,4,1,1,1,1
0.40,a,2,Gryphaea,Bilobissa,,sublobata,4,1,1,1,1
0.40,a,2,Gryphaea,Bilobissa,,sublobata,4,1,1,1,1
0.40,a,2,Gryphaea,Bilobissa,,sublobata,4,1,1,1,1
0.40,a,2,Gryphaea,Bilobissa,,sublobata,4,1,1,1,1
0.40,a,2,Lycettia,,,lunularis,2,1,1,1,1
0.40,a,2,Lycettia,,,lunularis,2,1,1,1,1
0.40,a,2,Lycettia,,,lunularis,2,1,1,1,1
0.40,a,2,Lycettia,,,lunularis,2,1,1,1,1
0.40,a,2,Lycettia,,,lunularis,2,1,1,1,1
0.40,a,2,Lycettia,,,lunularis,2,1,1,1,1
0.40,a,2,Lycettia,,,lunularis,2,1,1,1,1
0.40,a,2,Lycettia,,,lunularis,2,1,1,1,1
0.40,a,2,Lycettia,,,lunularis,2,1,1,1,1
0.40,a,2,Lycettia,,,lunularis,2,1,1,1,1
0.40,a,2,Plagiostoma,,,punctatum,2,1,1,1,1
0.40,a,2,Plagiostoma,,,punctatum,2,1,1,1,1
0.40,a,2,Plagiostoma,,,punctatum,2,1,1,1,1
0.40,a,2,Plagiostoma,,,punctatum,2,1,1,1,1
0.40,a,2,Plagiostoma,,,punctatum,2,1,1,1,1
0.40,a,2,Plagiostoma,,,punctatum,2,1,1,1,1
0.40,a,2,Plagiostoma,,,punctatum,2,1,1,1,1
0.40,a,2,Plagiostoma,,,punctatum,2,1,1,1,1
0.40,a,2,Plagiostoma,,,punctatum,2,1,1,1,1
0.40,a,2,Pseudopecten,Pseudopecten,,dentatus,5,2,1,1,1
0.40,a,2,Pseudopecten,Pseudopecten,,dentatus,5,2,1,1,1
0.40,a,2,Pseudopecten,Pseudopecten,,dentatus,5,2,1,1,1
0.40,a,3,Katosira,,,sp. A,7,2,4,2,1
0.40,a,3,Lamelliphorus,,,heliacus,7,2,4,2,1
0.40,a,3,Pseudomelania,,,sp.,7,2,4,2,1
0.40,a,3,Pseudomelania,,,sp.,7,2,4,2,1
0.80,a,1,Gibbirhynchia,,,micra,1,1,1,1,1
0.80,a,1,Lobothyris,,,subpunctata,1,1,1,1,1
0.80,a,1,Lobothyris,,,subpunctata,1,1,1,1,1
0.80,a,1,Lobothyris,,,subpunctata,1,1,1,1,1
0.80,a,2,Gryphaea,Catinula,cf.,crickleyensis,3,1,1,1,1
0.80,a,2,Gryphaea,Bilobissa,,sublobata,4,1,1,1,1
0.80,a,2,Gryphaea,Bilobissa,,sublobata,4,1,1,1,1
0.80,a,2,Gryphaea,Bilobissa,,sublobata,4,1,1,1,1
0.80,a,2,Gryphaea,Bilobissa,,sublobata,4,1,1,1,1
0.80,a,2,Gryphaea,Bilobissa,,sublobata,4,1,1,1,1
0.80,a,2,Gryphaea,Bilobissa,,sublobata,4,1,1,1,1
0.80,a,2,Gryphaea,Bilobissa,,sublobata,4,1,1,1,1
0.80,a,2,Gryphaea,Bilobissa,,sublobata,4,1,1,1,1
0.80,a,2,Gryphaea,Bilobissa,,sublobata,4,1,1,1,1
0.80,a,2,Gryphaea,Bilobissa,,sublobata,4,1,1,1,1
0.80,a,2,Gryphaea,Bilobissa,,sublobata,4,1,1,1,1
0.80,a,2,Gryphaea,Bilobissa,,sublobata,4,1,1,1,1
0.80,a,2,Gryphaea,Bilobissa,,sublobata,4,1,1,1,1
0.80,a,2,Gryphaea,Bilobissa,,sublobata,4,1,1,1,1
0.80,a,2,Gryphaea,Bilobissa,,sublobata,4,1,1,1,1
0.80,a,2,Gryphaea,Bilobissa,,sublobata,4,1,1,1,1
0.80,a,2,Gryphaea,Bilobissa,,sublobata,4,1,1,1,1
0.80,a,2,Gryphaea,Bilobissa,,sublobata,4,1,1,1,1
0.80,a,2,Gryphaea,Bilobissa,,sublobata,4,1,1,1,1
0.80,a,2,Gryphaea,Bilobissa,,sublobata,4,1,1,1,1
0.80,a,2,Gryphaea,Bilobissa,,sublobata,4,1,1,1,1
0.80,a,2,Gryphaea,Bilobissa,,sublobata,4,1,1,1,1
0.80,a,2,Gryphaea,Bilobissa,,sublobata,4,1,1,1,1
0.80,a,2,Gryphaea,Bilobissa,,sublobata,4,1,1,1,1
0.80,a,2,Gryphaea,Bilobissa,,sublobata,4,1,1,1,1
0.80,a,2,Gryphaea,Bilobissa,,sublobata,4,1,1,1,1
0.80,a,2,Gryphaea,Bilobissa,,sublobata,4,1,1,1,1
0.80,a,2,Gryphaea,Bilobissa,,sublobata,4,1,1,1,1
0.80,a,2,Gryphaea,Bilobissa,,sublobata,4,1,1,1,1
0.80,a,2,Gryphaea,Bilobissa,,sublobata,4,1,1,1,1
0.80,a,2,Gryphaea,Bilobissa,,sublobata,4,1,1,1,1
0.80,a,2,Gryphaea,Bilobissa,,sublobata,4,1,1,1,1
0.80,a,2,Gryphaea,Bilobissa,,sublobata,4,1,1,1,1
0.80,a,2,Gryphaea,Bilobissa,,sublobata,4,1,1,1,1
0.80,a,2,Gryphaea,Bilobissa,,sublobata,4,1,1,1,1
0.80,a,2,Harpax,,,spinosa,3,1,1,1,1
0.80,a,2,Harpax,,,spinosa,3,1,1,1,1
0.80,a,2,Lycettia,,,lunularis,2,1,1,1,1
0.80,a,2,Lycettia,,,lunularis,2,1,1,1,1
0.80,a,2,Lycettia,,,lunularis,2,1,1,1,1
0.80,a,2,Lycettia,,,lunularis,2,1,1,1,1
0.80,a,2,Plagiostoma,,,punctatum,2,1,1,1,1
0.80,a,2,Plagiostoma,,,punctatum,2,1,1,1,1
0.80,a,2,Pseudolimea,,,duplicata,2,1,1,1,1
0.80,a,2,Pseudolimea,,,duplicata,2,1,1,1,1
0.80,a,2,Pseudolimea,,cf.,roemeri,2,1,1,1,1
0.80,a,2,Pseudopecten,Pseudopecten,,dentatus,5,2,1,1,1
0.80,a,2,Pseudopecten,Pseudopecten,,dentatus,5,2,1,1,1
0.80,a,2,Pseudopecten,Pseudopecten,,dentatus,5,2,1,1,1
0.80,a,2,Pseudopecten,Pseudopecten,,dentatus,5,2,1,1,1
0.80,a,2,Pseudopecten,Pseudopecten,,dentatus,5,2,1,1,1
0.80,a,2,Pseudopecten,Pseudopecten,,dentatus,5,2,1,1,1
0.80,a,2,Pseudopecten,Pseudopecten,,dentatus,5,2,1,1,1
0.80,a,2,Pseudopecten,Pseudopecten,,dentatus,5,2,1,1,1
0.80,a,3,Neritopsis,,,sp.,7,2,4,2,1
0.80,a,3,Pseudomelania,,,sp.,7,2,4,2,1
1.60,a,1,Lobothyris,,,subpunctata,1,1,1,1,1
1.60,a,1,Lobothyris,,,subpunctata,1,1,1,1,1
1.60,a,1,Lobothyris,,,subpunctata,1,1,1,1,1
1.60,a,1,Lobothyris,,,subpunctata,1,1,1,1,1
1.60,a,2,Entolium,,,corneolum,5,2,1,1,1
1.60,a,2,Entolium,,,corneolum,5,2,1,1,1
1.60,a,2,Entolium,,,corneolum,5,2,1,1,1
1.60,a,2,Entolium,,,corneolum,5,2,1,1,1
1.60,a,2,Entolium,,,corneolum,5,2,1,1,1
1.60,a,2,Entolium,,,corneolum,5,2,1,1,1
1.60,a,2,Entolium,,,corneolum,5,2,1,1,1
1.60,a,2,Entolium,,,corneolum,5,2,1,1,1
1.60,a,2,Entolium,,,corneolum,5,2,1,1,1
1.60,a,2,Entolium,,,corneolum,5,2,1,1,1
1.60,a,2,Entolium,,,corneolum,5,2,1,1,1
1.60,a,2,Entolium,,,corneolum,5,2,1,1,1
1.60,a,2,Grammatodon,Grammatodon,,concinnus,6,2,1,1,1
1.60,a,2,Grammatodon,Grammatodon,,concinnus,6,2,1,1,1
1.60,a,2,Grammatodon,Grammatodon,,concinnus,6,2,1,1,1
1.60,a,2,Grammatodon,Grammatodon,,concinnus,6,2,1,1,1
1.60,a,2,Grammatodon,Grammatodon,,concinnus,6,2,1,1,1
1.60,a,2,Gryphaea,Bilobissa,,sublobata,4,1,1,1,1
1.60,a,2,Gryphaea,Bilobissa,,sublobata,4,1,1,1,1
1.60,a,2,Gryphaea,Bilobissa,,sublobata,4,1,1,1,1
1.60,a,2,Gryphaea,Bilobissa,,sublobata,4,1,1,1,1
1.60,a,2,Gryphaea,Bilobissa,,sublobata,4,1,1,1,1
1.60,a,2,Gryphaea,Bilobissa,,sublobata,4,1,1,1,1
1.60,a,2,Gryphaea,Bilobissa,,sublobata,4,1,1,1,1
1.60,a,2,Gryphaea,Bilobissa,,sublobata,4,1,1,1,1
1.60,a,2,Gryphaea,Bilobissa,,sublobata,4,1,1,1,1
1.60,a,2,Gryphaea,Bilobissa,,sublobata,4,1,1,1,1
1.60,a,2,Gryphaea,Bilobissa,,sublobata,4,1,1,1,1
1.60,a,2,Gryphaea,Bilobissa,,sublobata,4,1,1,1,1
1.60,a,2,Gryphaea,Bilobissa,,sublobata,4,1,1,1,1
1.60,a,2,Gryphaea,Bilobissa,,sublobata,4,1,1,1,1
1.60,a,2,Gryphaea,Bilobissa,,sublobata,4,1,1,1,1
1.60,a,2,Gryphaea,Bilobissa,,sublobata,4,1,1,1,1
1.60,a,2,Gryphaea,Bilobissa,,sublobata,4,1,1,1,1
1.60,a,2,Gryphaea,Bilobissa,,sublobata,4,1,1,1,1
1.60,a,2,Gryphaea,Bilobissa,,sublobata,4,1,1,1,1
1.60,a,2,Gryphaea,Bilobissa,,sublobata,4,1,1,1,1
1.60,a,2,Gryphaea,Bilobissa,,sublobata,4,1,1,1,1
1.60,a,2,Gryphaea,Bilobissa,,sublobata,4,1,1,1,1
1.60,a,2,Gryphaea,Bilobissa,,sublobata,4,1,1,1,1
1.60,a,2,Gryphaea,Bilobissa,,sublobata,4,1,1,1,1
1.60,a,2,Gryphaea,Bilobissa,,sublobata,4,1,1,1,1
1.60,a,2,Gryphaea,Bilobissa,,sublobata,4,1,1,1,1
1.60,a,2,Gryphaea,Bilobissa,,sublobata,4,1,1,1,1
1.60,a,2,Gryphaea,Bilobissa,,sublobata,4,1,1,1,1
1.60,a,2,Gryphaea,Bilobissa,,sublobata,4,1,1,1,1
1.60,a,2,Gryphaea,Bilobissa,,sublobata,4,1,1,1,1
1.60,a,2,Gryphaea,Bilobissa,,sublobata,4,1,1,1,1
1.60,a,2,Gryphaea,Bilobissa,,sublobata,4,1,1,1,1
1.60,a,2,Gryphaea,Bilobissa,,sublobata,4,1,1,1,1
1.60,a,2,Gryphaea,Bilobissa,,sublobata,4,1,1,1,1
1.60,a,2,Gryphaea,Bilobissa,,sublobata,4,1,1,1,1
1.60,a,2,Gryphaea,Bilobissa,,sublobata,4,1,1,1,1
1.60,a,2,Gryphaea,Bilobissa,,sublobata,4,1,1,1,1
1.60,a,2,Gryphaea,Bilobissa,,sublobata,4,1,1,1,1
1.60,a,2,Gryphaea,Bilobissa,,sublobata,4,1,1,1,1
1.60,a,2,Gryphaea,Bilobissa,,sublobata,4,1,1,1,1
1.60,a,2,Gryphaea,Bilobissa,,sublobata,4,1,1,1,1
1.60,a,2,Gryphaea,Bilobissa,,sublobata,4,1,1,1,1
1.60,a,2,Gryphaea,Bilobissa,,sublobata,4,1,1,1,1
1.60,a,2,Gryphaea,Bilobissa,,sublobata,4,1,1,1,1
1.60,a,2,Gryphaea,Bilobissa,,sublobata,4,1,1,1,1
1.60,a,2,Gryphaea,Bilobissa,,sublobata,4,1,1,1,1
1.60,a,2,Gryphaea,Bilobissa,,sublobata,4,1,1,1,1
1.60,a,2,Gryphaea,Bilobissa,,sublobata,4,1,1,1,1
1.60,a,2,Gryphaea,Bilobissa,,sublobata,4,1,1,1,1
1.60,a,2,Gryphaea,Bilobissa,,sublobata,4,1,1,1,1
1.60,a,2,Gryphaea,Bilobissa,,sublobata,4,1,1,1,1
1.60,a,2,Gryphaea,Bilobissa,,sublobata,4,1,1,1,1
1.60,a,2,Gryphaea,Bilobissa,,sublobata,4,1,1,1,1
1.60,a,2,Gryphaea,Bilobissa,,sublobata,4,1,1,1,1
1.60,a,2,Gryphaea,Bilobissa,,sublobata,4,1,1,1,1
1.60,a,2,Gryphaea,Bilobissa,,sublobata,4,1,1,1,1
1.60,a,2,Gryphaea,Bilobissa,,sublobata,4,1,1,1,1
1.60,a,2,Gryphaea,Bilobissa,,sublobata,4,1,1,1,1
1.60,a,2,Gryphaea,Bilobissa,,sublobata,4,1,1,1,1
1.60,a,2,Gryphaea,Bilobissa,,sublobata,4,1,1,1,1
1.60,a,2,Gryphaea,Bilobissa,,sublobata,4,1,1,1,1
1.60,a,2,Gryphaea,Bilobissa,,sublobata,4,1,1,1,1
1.60,a,2,Gryphaea,Bilobissa,,sublobata,4,1,1,1,1
1.60,a,2,Pseudolimea,,,duplicata,2,1,1,1,1
1.60,a,2,Pseudolimea,,,duplicata,2,1,1,1,1
1.60,a,2,Pseudopecten,Pseudopecten,,dentatus,5,2,1,1,1
1.60,a,3,Katosira,,,sp. A,7,2,4,2,1
1.60,a,3,Neritopsis,,,sp.,7,2,4,2,1
1.60,a,3,Pseudomelania,,,sp.,7,2,4,2,1
2.80,a,1,Gibbirhynchia,,,micra,1,1,1,1,1
2.80,a,1,Gibbirhynchia,,,micra,1,1,1,1,1
2.80,a,1,Gibbirhynchia,,,micra,1,1,1,1,1
2.80,a,1,Gibbirhynchia,,,micra,1,1,1,1,1
2.80,a,1,Lobothyris,,,arcta,1,1,1,1,1
2.80,a,1,Lobothyris,,,arcta,1,1,1,1,1
2.80,a,1,Lobothyris,,,arcta,1,1,1,1,1
2.80,a,1,Lobothyris,,,arcta,1,1,1,1,1
2.80,a,1,Lobothyris,,,subpunctata,1,1,1,1,1
2.80,a,1,Lobothyris,,,subpunctata,1,1,1,1,1
2.80,a,1,Lobothyris,,,subpunctata,1,1,1,1,1
2.80,a,1,Lobothyris,,,subpunctata,1,1,1,1,1
2.80,a,1,Lobothyris,,,subpunctata,1,1,1,1,1
2.80,a,1,Quadratirhynchia,,,attenuata,1,1,1,1,1
2.80,a,1,Quadratirhynchia,,,attenuata,1,1,1,1,1
2.80,a,1,Quadratirhynchia,,,attenuata,1,1,1,1,1
2.80,a,1,Quadratirhynchia,,,attenuata,1,1,1,1,1
2.80,a,1,Quadratirhynchia,,,attenuata,1,1,1,1,1
2.80,a,1,Quadratirhynchia,,,attenuata,1,1,1,1,1
2.80,a,1,Quadratirhynchia,,,attenuata,1,1,1,1,1
2.80,a,1,Quadratirhynchia,,,attenuata,1,1,1,1,1
2.80,a,1,Quadratirhynchia,,,attenuata,1,1,1,1,1
2.80,a,1,Quadratirhynchia,,,attenuata,1,1,1,1,1
2.80,a,1,Quadratirhynchia,,,attenuata,1,1,1,1,1
2.80,a,1,Quadratirhynchia,,,attenuata,1,1,1,1,1
2.80,a,1,Quadratirhynchia,,,attenuata,1,1,1,1,1
2.80,a,1,Quadratirhynchia,,,attenuata,1,1,1,1,1
2.80,a,1,Quadratirhynchia,,,attenuata,1,1,1,1,1
2.80,a,1,Quadratirhynchia,,,attenuata,1,1,1,1,1
2.80,a,1,Quadratirhynchia,,,attenuata,1,1,1,1,1
2.80,a,2,Gryphaea,Bilobissa,,sublobata,4,1,1,1,1
2.80,a,2,Gryphaea,Bilobissa,,sublobata,4,1,1,1,1
2.80,a,2,Gryphaea,Bilobissa,,sublobata,4,1,1,1,1
2.80,a,2,Gryphaea,Bilobissa,,sublobata,4,1,1,1,1
2.80,a,2,Gryphaea,Bilobissa,,sublobata,4,1,1,1,1
2.80,a,2,Gryphaea,Bilobissa,,sublobata,4,1,1,1,1
2.80,a,2,Gryphaea,Bilobissa,,sublobata,4,1,1,1,1
2.80,a,2,Gryphaea,Bilobissa,,sublobata,4,1,1,1,1
2.80,a,2,Gryphaea,Bilobissa,,sublobata,4,1,1,1,1
2.80,a,2,Gryphaea,Bilobissa,,sublobata,4,1,1,1,1
2.80,a,2,Gryphaea,Bilobissa,,sublobata,4,1,1,1,1
2.80,a,2,Gryphaea,Bilobissa,,sublobata,4,1,1,1,1
2.80,a,2,Gryphaea,Bilobissa,,sublobata,4,1,1,1,1
2.80,a,2,Gryphaea,Bilobissa,,sublobata,4,1,1,1,1
2.80,a,2,Gryphaea,Bilobissa,,sublobata,4,1,1,1,1
2.80,a,2,Gryphaea,Bilobissa,,sublobata,4,1,1,1,1
2.80,a,2,Gryphaea,Bilobissa,,sublobata,4,1,1,1,1
2.80,a,2,Gryphaea,Bilobissa,,sublobata,4,1,1,1,1
2.80,a,2,Gryphaea,Bilobissa,,sublobata,4,1,1,1,1
2.80,a,2,Gryphaea,Bilobissa,,sublobata,4,1,1,1,1
2.80,a,2,Gryphaea,Bilobissa,,sublobata,4,1,1,1,1
2.80,a,2,Gryphaea,Bilobissa,,sublobata,4,1,1,1,1
2.80,a,2,Gryphaea,Bilobissa,,sublobata,4,1,1,1,1
2.80,a,2,Gryphaea,Bilobissa,,sublobata,4,1,1,1,1
2.80,a,2,Gryphaea,Bilobissa,,sublobata,4,1,1,1,1
2.80,a,2,Gryphaea,Bilobissa,,sublobata,4,1,1,1,1
2.80,a,2,Gryphaea,Bilobissa,,sublobata,4,1,1,1,1
2.80,a,2,Gryphaea,Bilobissa,,sublobata,4,1,1,1,1
2.80,a,2,Gryphaea,Bilobissa,,sublobata,4,1,1,1,1
2.80,a,2,Gryphaea,Bilobissa,,sublobata,4,1,1,1,1
2.80,a,2,Gryphaea,Bilobissa,,sublobata,4,1,1,1,1
2.80,a,2,Gryphaea,Bilobissa,,sublobata,4,1,1,1,1
2.80,a,2,Gryphaea,Bilobissa,,sublobata,4,1,1,1,1
2.80,a,2,Gryphaea,Bilobissa,,sublobata,4,1,1,1,1
2.80,a,2,Gryphaea,Bilobissa,,sublobata,4,1,1,1,1
2.80,a,2,Gryphaea,Bilobissa,,sublobata,4,1,1,1,1
2.80,a,2,Gryphaea,Bilobissa,,sublobata,4,1,1,1,1
2.80,a,2,Gryphaea,Bilobissa,,sublobata,4,1,1,1,1
2.80,a,2,Gryphaea,Bilobissa,,sublobata,4,1,1,1,1
2.80,a,2,Gryphaea,Bilobissa,,sublobata,4,1,1,1,1
2.80,a,2,Gryphaea,Bilobissa,,sublobata,4,1,1,1,1
2.80,a,2,Gryphaea,Bilobissa,,sublobata,4,1,1,1,1
2.80,a,2,Pseudopecten,Pseudopecten,,dentatus,5,2,1,1,1
2.80,a,2,Pseudopecten,Pseudopecten,,dentatus,5,2,1,1,1
2.80,a,2,Pseudopecten,Pseudopecten,,dentatus,5,2,1,1,1
2.80,a,2,Pseudopecten,Pseudopecten,,dentatus,5,2,1,1,1
2.80,a,2,Pseudopecten,Pseudopecten,,dentatus,5,2,1,1,1
2.80,a,2,Pseudopecten,Pseudopecten,,dentatus,5,2,1,1,1
2.80,a,2,Weyla,Weyla,,pradoana,4,1,1,1,1
2.80,a,2,Weyla,Weyla,,pradoana,4,1,1,1,1
3.40,a,1,Lobothyris,,,subpunctata,1,1,1,1,1
3.40,a,1,Lobothyris,,,subpunctata,1,1,1,1,1
3.40,a,1,Lobothyris,,,subpunctata,1,1,1,1,1
3.40,a,1,Lobothyris,,,subpunctata,1,1,1,1,1
3.40,a,1,Lobothyris,,,subpunctata,1,1,1,1,1
3.40,a,1,Lobothyris,,,subpunctata,1,1,1,1,1
3.40,a,1,Lobothyris,,,subpunctata,1,1,1,1,1
3.40,a,1,Lobothyris,,,subpunctata,1,1,1,1,1
3.40,a,1,Lobothyris,,,subpunctata,1,1,1,1,1
3.40,a,1,Lobothyris,,,subpunctata,1,1,1,1,1
3.40,a,1,Lobothyris,,,subpunctata,1,1,1,1,1
3.40,a,1,Lobothyris,,,subpunctata,1,1,1,1,1
3.40,a,1,Lobothyris,,,subpunctata,1,1,1,1,1
3.40,a,1,Lobothyris,,,subpunctata,1,1,1,1,1
3.40,a,1,Lobothyris,,,subpunctata,1,1,1,1,1
3.40,a,1,Lobothyris,,,subpunctata,1,1,1,1,1
3.40,a,1,Lobothyris,,,subpunctata,1,1,1,1,1
3.40,a,1,Lobothyris,,,subpunctata,1,1,1,1,1
3.40,a,1,Lobothyris,,,subpunctata,1,1,1,1,1
3.40,a,1,Lobothyris,,,subpunctata,1,1,1,1,1
3.40,a,1,Lobothyris,,,subpunctata,1,1,1,1,1
3.40,a,1,Lobothyris,,,subpunctata,1,1,1,1,1
3.40,a,1,Lobothyris,,,subpunctata,1,1,1,1,1
3.40,a,1,Lobothyris,,,subpunctata,1,1,1,1,1
3.40,a,1,Lobothyris,,,subpunctata,1,1,1,1,1
3.40,a,1,Lobothyris,,,subpunctata,1,1,1,1,1
3.40,a,1,Lobothyris,,,subpunctata,1,1,1,1,1
3.40,a,1,Lobothyris,,,subpunctata,1,1,1,1,1
3.40,a,1,Lobothyris,,,subpunctata,1,1,1,1,1
3.40,a,1,Lobothyris,,,subpunctata,1,1,1,1,1
3.40,a,1,Lobothyris,,,subpunctata,1,1,1,1,1
3.40,a,1,Lobothyris,,,subpunctata,1,1,1,1,1
3.40,a,1,Lobothyris,,,subpunctata,1,1,1,1,1
3.40,a,1,Lobothyris,,,subpunctata,1,1,1,1,1
3.40,a,1,Lobothyris,,,subpunctata,1,1,1,1,1
3.40,a,2,Entolium,,,corneolum,5,2,1,1,1
3.40,a,2,Entolium,,,corneolum,5,2,1,1,1
3.40,a,2,Entolium,,,corneolum,5,2,1,1,1
3.40,a,2,Entolium,,,corneolum,5,2,1,1,1
3.40,a,2,Grammatodon,Grammatodon,,concinnus,6,2,1,1,1
3.40,a,2,Grammatodon,Grammatodon,,concinnus,6,2,1,1,1
3.40,a,2,Gryphaea,Bilobissa,,sublobata,4,1,1,1,1
3.40,a,2,Gryphaea,Bilobissa,,sublobata,4,1,1,1,1
3.40,a,2,Gryphaea,Bilobissa,,sublobata,4,1,1,1,1
3.40,a,2,Gryphaea,Bilobissa,,sublobata,4,1,1,1,1
3.40,a,2,Gryphaea,Bilobissa,,sublobata,4,1,1,1,1
3.40,a,2,Gryphaea,Bilobissa,,sublobata,4,1,1,1,1
3.40,a,2,Gryphaea,Bilobissa,,sublobata,4,1,1,1,1
3.40,a,2,Gryphaea,Bilobissa,,sublobata,4,1,1,1,1
3.40,a,2,Gryphaea,Bilobissa,,sublobata,4,1,1,1,1
3.40,a,2,Gryphaea,Bilobissa,,sublobata,4,1,1,1,1
3.40,a,2,Gryphaea,Bilobissa,,sublobata,4,1,1,1,1
3.40,a,2,Gryphaea,Bilobissa,,sublobata,4,1,1,1,1
3.40,a,2,Gryphaea,Bilobissa,,sublobata,4,1,1,1,1
3.40,a,2,Gryphaea,Bilobissa,,sublobata,4,1,1,1,1
3.40,a,2,Gryphaea,Bilobissa,,sublobata,4,1,1,1,1
3.40,a,2,Gryphaea,Bilobissa,,sublobata,4,1,1,1,1
3.40,a,2,Gryphaea,Bilobissa,,sublobata,4,1,1,1,1
3.40,a,2,Gryphaea,Bilobissa,,sublobata,4,1,1,1,1
3.40,a,2,Gryphaea,Bilobissa,,sublobata,4,1,1,1,1
3.40,a,2,Gryphaea,Bilobissa,,sublobata,4,1,1,1,1
3.40,a,2,Gryphaea,Bilobissa,,sublobata,4,1,1,1,1
3.40,a,2,Gryphaea,Bilobissa,,sublobata,4,1,1,1,1
3.40,a,2,Gryphaea,Bilobissa,,sublobata,4,1,1,1,1
3.40,a,2,Gryphaea,Bilobissa,,sublobata,4,1,1,1,1
3.40,a,2,Gryphaea,Bilobissa,,sublobata,4,1,1,1,1
3.40,a,2,Gryphaea,Bilobissa,,sublobata,4,1,1,1,1
3.40,a,2,Gryphaea,Bilobissa,,sublobata,4,1,1,1,1
3.40,a,2,Gryphaea,Bilobissa,,sublobata,4,1,1,1,1
3.40,a,2,Gryphaea,Bilobissa,,sublobata,4,1,1,1,1
3.40,a,2,Gryphaea,Bilobissa,,sublobata,4,1,1,1,1
3.40,a,2,Gryphaea,Bilobissa,,sublobata,4,1,1,1,1
3.40,a,2,Gryphaea,Bilobissa,,sublobata,4,1,1,1,1
3.40,a,2,Gryphaea,Bilobissa,,sublobata,4,1,1,1,1
3.40,a,2,Gryphaea,Bilobissa,,sublobata,4,1,1,1,1
3.40,a,2,Gryphaea,Bilobissa,,sublobata,4,1,1,1,1
3.40,a,2,Gryphaea,Bilobissa,,sublobata,4,1,1,1,1
3.40,a,2,Gryphaea,Bilobissa,,sublobata,4,1,1,1,1
3.40,a,2,Gryphaea,Bilobissa,,sublobata,4,1,1,1,1
3.40,a,2,Gryphaea,Bilobissa,,sublobata,4,1,1,1,1
3.40,a,2,Gryphaea,Bilobissa,,sublobata,4,1,1,1,1
3.40,a,2,Gryphaea,Bilobissa,,sublobata,4,1,1,1,1
3.40,a,2,Gryphaea,Bilobissa,,sublobata,4,1,1,1,1
3.40,a,2,Pseudolimea,,,duplicata,2,1,1,1,1
3.40,a,2,Pseudolimea,,,duplicata,2,1,1,1,1
3.40,a,2,Pseudolimea,,,duplicata,2,1,1,1,1
3.40,a,2,Pseudolimea,,,duplicata,2,1,1,1,1
3.40,a,2,Pseudolimea,,cf.,roemeri,2,1,1,1,1
3.40,a,2,Pseudopecten,Pseudopecten,,dentatus,5,2,1,1,1
3.40,a,2,Pseudopecten,Pseudopecten,,dentatus,5,2,1,1,1
4.00,a,1,Aulacothyris ,,,resupinata,1,1,1,1,1
4.00,a,1,Gibbirhynchia,,,micra,1,1,1,1,1
4.00,a,1,Gibbirhynchia,,,micra,1,1,1,1,1
4.00,a,1,Gibbirhynchia,,,micra,1,1,1,1,1
4.00,a,1,Lobothyris,,,subpunctata,1,1,1,1,1
4.00,a,1,Lobothyris,,,subpunctata,1,1,1,1,1
4.00,a,1,Lobothyris,,,subpunctata,1,1,1,1,1
4.00,a,1,Lobothyris,,,subpunctata,1,1,1,1,1
4.00,a,1,Lobothyris,,,subpunctata,1,1,1,1,1
4.00,a,1,Lobothyris,,,subpunctata,1,1,1,1,1
4.00,a,1,Quadratirhynchia,,,attenuata,1,1,1,1,1
4.00,a,1,Tetrarhynchia,,,subconcinna,1,1,1,1,1
4.00,a,1,Tetrarhynchia,,,subconcinna,1,1,1,1,1
4.00,a,1,Tetrarhynchia,,,subconcinna,1,1,1,1,1
4.00,a,1,Tetrarhynchia,,,subconcinna,1,1,1,1,1
4.00,a,1,Tetrarhynchia,,,subconcinna,1,1,1,1,1
4.00,a,1,Tetrarhynchia,,,subconcinna,1,1,1,1,1
4.00,a,2,Eopecten,,,velatus,2,1,1,1,1
4.00,a,2,Eopecten,,,velatus,2,1,1,1,1
4.00,a,2,Gryphaea,Catinula,cf.,crickleyensis,3,1,1,1,1
4.00,a,2,Gryphaea,Catinula,cf.,crickleyensis,3,1,1,1,1
4.00,a,2,Gryphaea,Catinula,cf.,crickleyensis,3,1,1,1,1
4.00,a,2,Gryphaea,Bilobissa,,sublobata,4,1,1,1,1
4.00,a,2,Gryphaea,Bilobissa,,sublobata,4,1,1,1,1
4.00,a,2,Gryphaea,Bilobissa,,sublobata,4,1,1,1,1
4.00,a,2,Gryphaea,Bilobissa,,sublobata,4,1,1,1,1
4.00,a,2,Gryphaea,Bilobissa,,sublobata,4,1,1,1,1
4.00,a,2,Gryphaea,Bilobissa,,sublobata,4,1,1,1,1
4.00,a,2,Gryphaea,Bilobissa,,sublobata,4,1,1,1,1
4.00,a,2,Gryphaea,Bilobissa,,sublobata,4,1,1,1,1
4.00,a,2,Gryphaea,Bilobissa,,sublobata,4,1,1,1,1
4.00,a,2,Gryphaea,Bilobissa,,sublobata,4,1,1,1,1
4.00,a,2,Gryphaea,Bilobissa,,sublobata,4,1,1,1,1
4.00,a,2,Gryphaea,Bilobissa,,sublobata,4,1,1,1,1
4.00,a,2,Gryphaea,Bilobissa,,sublobata,4,1,1,1,1
4.00,a,2,Gryphaea,Bilobissa,,sublobata,4,1,1,1,1
4.00,a,2,Gryphaea,Bilobissa,,sublobata,4,1,1,1,1
4.00,a,2,Gryphaea,Bilobissa,,sublobata,4,1,1,1,1
4.00,a,2,Gryphaea,Bilobissa,,sublobata,4,1,1,1,1
4.00,a,2,Gryphaea,Bilobissa,,sublobata,4,1,1,1,1
4.00,a,2,Gryphaea,Bilobissa,,sublobata,4,1,1,1,1
4.00,a,2,Gryphaea,Bilobissa,,sublobata,4,1,1,1,1
4.00,a,2,Gryphaea,Bilobissa,,sublobata,4,1,1,1,1
4.00,a,2,Gryphaea,Bilobissa,,sublobata,4,1,1,1,1
4.00,a,2,Gryphaea,Bilobissa,,sublobata,4,1,1,1,1
4.00,a,2,Gryphaea,Bilobissa,,sublobata,4,1,1,1,1
4.00,a,2,Gryphaea,Bilobissa,,sublobata,4,1,1,1,1
4.00,a,2,Gryphaea,Bilobissa,,sublobata,4,1,1,1,1
4.00,a,2,Gryphaea,Bilobissa,,sublobata,4,1,1,1,1
4.00,a,2,Gryphaea,Bilobissa,,sublobata,4,1,1,1,1
4.00,a,2,Gryphaea,Bilobissa,,sublobata,4,1,1,1,1
4.00,a,2,Gryphaea,Bilobissa,,sublobata,4,1,1,1,1
4.00,a,2,Gryphaea,Bilobissa,,sublobata,4,1,1,1,1
4.00,a,2,Gryphaea,Bilobissa,,sublobata,4,1,1,1,1
4.00,a,2,Gryphaea,Bilobissa,,sublobata,4,1,1,1,1
4.00,a,2,Gryphaea,Bilobissa,,sublobata,4,1,1,1,1
4.00,a,2,Gryphaea,Bilobissa,,sublobata,4,1,1,1,1
4.00,a,2,Gryphaea,Bilobissa,,sublobata,4,1,1,1,1
4.00,a,2,Gryphaea,Bilobissa,,sublobata,4,1,1,1,1
4.00,a,2,Gryphaea,Bilobissa,,sublobata,4,1,1,1,1
4.00,a,2,Gryphaea,Bilobissa,,sublobata,4,1,1,1,1
4.00,a,2,Gryphaea,Bilobissa,,sublobata,4,1,1,1,1
4.00,a,2,Gryphaea,Bilobissa,,sublobata,4,1,1,1,1
4.00,a,2,Gryphaea,Bilobissa,,sublobata,4,1,1,1,1
4.00,a,2,Gryphaea,Bilobissa,,sublobata,4,1,1,1,1
4.00,a,2,Gryphaea,Bilobissa,,sublobata,4,1,1,1,1
4.00,a,2,Gryphaea,Bilobissa,,sublobata,4,1,1,1,1
4.00,a,2,Gryphaea,Bilobissa,,sublobata,4,1,1,1,1
4.00,a,2,Gryphaea,Bilobissa,,sublobata,4,1,1,1,1
4.00,a,2,Gryphaea,Bilobissa,,sublobata,4,1,1,1,1
4.00,a,2,Gryphaea,Bilobissa,,sublobata,4,1,1,1,1
4.00,a,2,Gryphaea,Bilobissa,,sublobata,4,1,1,1,1
4.00,a,2,Gryphaea,Bilobissa,,sublobata,4,1,1,1,1
4.00,a,2,Gryphaea,Bilobissa,,sublobata,4,1,1,1,1
4.00,a,2,Gryphaea,Bilobissa,,sublobata,4,1,1,1,1
4.00,a,2,Gryphaea,Bilobissa,,sublobata,4,1,1,1,1
4.00,a,2,Gryphaea,Bilobissa,,sublobata,4,1,1,1,1
4.00,a,2,Gryphaea,Bilobissa,,sublobata,4,1,1,1,1
4.00,a,2,Gryphaea,Bilobissa,,sublobata,4,1,1,1,1
4.00,a,2,Gryphaea,Bilobissa,,sublobata,4,1,1,1,1
4.00,a,2,Gryphaea,Bilobissa,,sublobata,4,1,1,1,1
4.00,a,2,Gryphaea,Bilobissa,,sublobata,4,1,1,1,1
4.00,a,2,Gryphaea,Bilobissa,,sublobata,4,1,1,1,1
4.00,a,2,Gryphaea,Bilobissa,,sublobata,4,1,1,1,1
4.00,a,2,Gryphaea,Bilobissa,,sublobata,4,1,1,1,1
4.00,a,2,Gryphaea,Bilobissa,,sublobata,4,1,1,1,1
4.00,a,2,Gryphaea,Bilobissa,,sublobata,4,1,1,1,1
4.00,a,2,Gryphaea,Bilobissa,,sublobata,4,1,1,1,1
4.00,a,2,Gryphaea,Bilobissa,,sublobata,4,1,1,1,1
4.00,a,2,Gryphaea,Bilobissa,,sublobata,4,1,1,1,1
4.00,a,2,Gryphaea,Bilobissa,,sublobata,4,1,1,1,1
4.00,a,2,Gryphaea,Bilobissa,,sublobata,4,1,1,1,1
4.00,a,2,Gryphaea,Bilobissa,,sublobata,4,1,1,1,1
4.00,a,2,Gryphaea,Bilobissa,,sublobata,4,1,1,1,1
4.00,a,2,Gryphaea,Bilobissa,,sublobata,4,1,1,1,1
4.00,a,2,Gryphaea,Bilobissa,,sublobata,4,1,1,1,1
4.00,a,2,Gryphaea,Bilobissa,,sublobata,4,1,1,1,1
4.00,a,2,Gryphaea,Bilobissa,,sublobata,4,1,1,1,1
4.00,a,2,Gryphaea,Bilobissa,,sublobata,4,1,1,1,1
4.00,a,2,Gryphaea,Bilobissa,,sublobata,4,1,1,1,1
4.00,a,2,Gryphaea,Bilobissa,,sublobata,4,1,1,1,1
4.00,a,2,Gryphaea,Bilobissa,,sublobata,4,1,1,1,1
4.00,a,2,Gryphaea,Bilobissa,,sublobata,4,1,1,1,1
4.00,a,2,Gryphaea,Bilobissa,,sublobata,4,1,1,1,1
4.00,a,2,Gryphaea,Bilobissa,,sublobata,4,1,1,1,1
4.00,a,2,Gryphaea,Bilobissa,,sublobata,4,1,1,1,1
4.00,a,2,Gryphaea,Bilobissa,,sublobata,4,1,1,1,1
4.00,a,2,Harpax,,,auricola,3,1,1,1,1
4.00,a,2,Harpax,,,auricola,3,1,1,1,1
4.00,a,2,Harpax,,,spinosa,3,1,1,1,1
4.00,a,2,Harpax,,,spinosa,3,1,1,1,1
4.00,a,2,Lycettia,,,lunularis,2,1,1,1,1
4.00,a,2,Placunopsis,,,radiata,3,1,1,1,1
4.00,a,2,Plagiostoma,,,punctatum,2,1,1,1,1
4.00,a,2,Plagiostoma,,,punctatum,2,1,1,1,1
4.00,a,2,Plagiostoma,,,punctatum,2,1,1,1,1
4.00,a,2,Plagiostoma,,,punctatum,2,1,1,1,1
4.00,a,2,Plagiostoma,,,punctatum,2,1,1,1,1
4.00,a,2,Plagiostoma,,,punctatum,2,1,1,1,1
4.00,a,2,Plagiostoma,,,punctatum,2,1,1,1,1
4.00,a,2,Pseudopecten,Pseudopecten,,dentatus,5,2,1,1,1
4.00,a,2,Pseudopecten,Pseudopecten,,dentatus,5,2,1,1,1
4.00,a,2,Pseudopecten,Pseudopecten,,dentatus,5,2,1,1,1
4.00,a,2,Pseudopecten,Pseudopecten,,dentatus,5,2,1,1,1
4.00,a,2,Weyla,Weyla,,pradoana,4,1,1,1,1
4.60,a,1,Lobothyris,,,subpunctata,1,1,1,1,1
4.60,a,1,Lobothyris,,,subpunctata,1,1,1,1,1
4.60,a,1,Lobothyris,,,subpunctata,1,1,1,1,1
4.60,a,1,Lobothyris,,,subpunctata,1,1,1,1,1
4.60,a,1,Lobothyris,,,subpunctata,1,1,1,1,1
4.60,a,1,Lobothyris,,,subpunctata,1,1,1,1,1
4.60,a,2,Eopecten,,,velatus,2,1,1,1,1
4.60,a,2,Gryphaea,Bilobissa,,sublobata,4,1,1,1,1
4.60,a,2,Gryphaea,Bilobissa,,sublobata,4,1,1,1,1
4.60,a,2,Gryphaea,Bilobissa,,sublobata,4,1,1,1,1
4.60,a,2,Gryphaea,Bilobissa,,sublobata,4,1,1,1,1
4.60,a,2,Gryphaea,Bilobissa,,sublobata,4,1,1,1,1
4.60,a,2,Gryphaea,Bilobissa,,sublobata,4,1,1,1,1
4.60,a,2,Gryphaea,Bilobissa,,sublobata,4,1,1,1,1
4.60,a,2,Gryphaea,Bilobissa,,sublobata,4,1,1,1,1
4.60,a,2,Gryphaea,Bilobissa,,sublobata,4,1,1,1,1
4.60,a,2,Gryphaea,Bilobissa,,sublobata,4,1,1,1,1
4.60,a,2,Gryphaea,Bilobissa,,sublobata,4,1,1,1,1
4.60,a,2,Gryphaea,Bilobissa,,sublobata,4,1,1,1,1
4.60,a,2,Gryphaea,Bilobissa,,sublobata,4,1,1,1,1
4.60,a,2,Gryphaea,Bilobissa,,sublobata,4,1,1,1,1
4.60,a,2,Gryphaea,Bilobissa,,sublobata,4,1,1,1,1
4.60,a,2,Gryphaea,Bilobissa,,sublobata,4,1,1,1,1
4.60,a,2,Gryphaea,Bilobissa,,sublobata,4,1,1,1,1
4.60,a,2,Gryphaea,Bilobissa,,sublobata,4,1,1,1,1
4.60,a,2,Gryphaea,Bilobissa,,sublobata,4,1,1,1,1
4.60,a,2,Gryphaea,Bilobissa,,sublobata,4,1,1,1,1
4.60,a,2,Gryphaea,Bilobissa,,sublobata,4,1,1,1,1
4.60,a,2,Gryphaea,Bilobissa,,sublobata,4,1,1,1,1
4.60,a,2,Gryphaea,Bilobissa,,sublobata,4,1,1,1,1
4.60,a,2,Gryphaea,Bilobissa,,sublobata,4,1,1,1,1
4.60,a,2,Gryphaea,Bilobissa,,sublobata,4,1,1,1,1
4.60,a,2,Gryphaea,Bilobissa,,sublobata,4,1,1,1,1
4.60,a,2,Gryphaea,Bilobissa,,sublobata,4,1,1,1,1
4.60,a,2,Gryphaea,Bilobissa,,sublobata,4,1,1,1,1
4.60,a,2,Gryphaea,Bilobissa,,sublobata,4,1,1,1,1
4.60,a,2,Gryphaea,Bilobissa,,sublobata,4,1,1,1,1
4.60,a,2,Gryphaea,Bilobissa,,sublobata,4,1,1,1,1
4.60,a,2,Gryphaea,Bilobissa,,sublobata,4,1,1,1,1
4.60,a,2,Gryphaea,Bilobissa,,sublobata,4,1,1,1,1
4.60,a,2,Gryphaea,Bilobissa,,sublobata,4,1,1,1,1
4.60,a,2,Harpax,,,auricola,3,1,1,1,1
4.60,a,2,Harpax,,,auricola,3,1,1,1,1
4.60,a,2,Harpax,,,spinosa,3,1,1,1,1
4.60,a,2,Parvamussium,,,pumilum,5,2,5,2,1
4.60,a,2,Plagiostoma,,,giganteum,4,1,1,1,1
4.60,a,2,Plagiostoma,,,giganteum,4,1,1,1,1
4.60,a,2,Plagiostoma,,,giganteum,4,1,1,1,1
4.60,a,2,Plagiostoma,,,giganteum,4,1,1,1,1
4.60,a,2,Pseudolimea,,,duplicata,2,1,1,1,1
4.60,a,2,Pseudolimea,,,duplicata,2,1,1,1,1
4.60,a,2,Pseudolimea,,,duplicata,2,1,1,1,1
4.60,a,2,Pseudopecten,Pseudopecten,,dentatus,5,2,1,1,1
5.20,a,1,Lobothyris,,,subpunctata,1,1,1,1,1
5.20,a,1,Quadratirhynchia,,,attenuata,1,1,1,1,1
5.20,a,1,Quadratirhynchia,,,attenuata,1,1,1,1,1
5.20,a,1,Quadratirhynchia,,,attenuata,1,1,1,1,1
5.20,a,1,Quadratirhynchia,,,attenuata,1,1,1,1,1
5.20,a,1,Quadratirhynchia,,,attenuata,1,1,1,1,1
5.20,a,1,Quadratirhynchia,,,attenuata,1,1,1,1,1
5.20,a,1,Tetrarhynchia,,,subconcinna,1,1,1,1,1
5.20,a,1,Tetrarhynchia,,,subconcinna,1,1,1,1,1
5.20,a,2,Arcomytilus,,,pectinatus,2,1,1,1,1
5.20,a,2,Arcomytilus,,,pectinatus,2,1,1,1,1
5.20,a,2,Grammatodon,Grammatodon,,concinnus,6,2,1,1,1
5.20,a,2,Gryphaea,Bilobissa,,sublobata,4,1,1,1,1
5.20,a,2,Gryphaea,Bilobissa,,sublobata,4,1,1,1,1
5.20,a,2,Gryphaea,Bilobissa,,sublobata,4,1,1,1,1
5.20,a,2,Gryphaea,Bilobissa,,sublobata,4,1,1,1,1
5.20,a,2,Gryphaea,Bilobissa,,sublobata,4,1,1,1,1
5.20,a,2,Gryphaea,Bilobissa,,sublobata,4,1,1,1,1
5.20,a,2,Gryphaea,Bilobissa,,sublobata,4,1,1,1,1
5.20,a,2,Gryphaea,Bilobissa,,sublobata,4,1,1,1,1
5.20,a,2,Gryphaea,Bilobissa,,sublobata,4,1,1,1,1
5.20,a,2,Gryphaea,Bilobissa,,sublobata,4,1,1,1,1
5.20,a,2,Gryphaea,Bilobissa,,sublobata,4,1,1,1,1
5.20,a,2,Gryphaea,Bilobissa,,sublobata,4,1,1,1,1
5.20,a,2,Gryphaea,Bilobissa,,sublobata,4,1,1,1,1
5.20,a,2,Gryphaea,Bilobissa,,sublobata,4,1,1,1,1
5.20,a,2,Gryphaea,Bilobissa,,sublobata,4,1,1,1,1
5.20,a,2,Gryphaea,Bilobissa,,sublobata,4,1,1,1,1
5.20,a,2,Gryphaea,Bilobissa,,sublobata,4,1,1,1,1
5.20,a,2,Gryphaea,Bilobissa,,sublobata,4,1,1,1,1
5.20,a,2,Gryphaea,Bilobissa,,sublobata,4,1,1,1,1
5.20,a,2,Gryphaea,Bilobissa,,sublobata,4,1,1,1,1
5.20,a,2,Gryphaea,Bilobissa,,sublobata,4,1,1,1,1
5.20,a,2,Gryphaea,Bilobissa,,sublobata,4,1,1,1,1
5.20,a,2,Gryphaea,Bilobissa,,sublobata,4,1,1,1,1
5.20,a,2,Gryphaea,Bilobissa,,sublobata,4,1,1,1,1
5.20,a,2,Gryphaea,Bilobissa,,sublobata,4,1,1,1,1
5.20,a,2,Gryphaea,Bilobissa,,sublobata,4,1,1,1,1
5.20,a,2,Gryphaea,Bilobissa,,sublobata,4,1,1,1,1
5.20,a,2,Gryphaea,Bilobissa,,sublobata,4,1,1,1,1
5.20,a,2,Gryphaea,Bilobissa,,sublobata,4,1,1,1,1
5.20,a,2,Gryphaea,Bilobissa,,sublobata,4,1,1,1,1
5.20,a,2,Gryphaea,Bilobissa,,sublobata,4,1,1,1,1
5.20,a,2,Gryphaea,Bilobissa,,sublobata,4,1,1,1,1
5.20,a,2,Gryphaea,Bilobissa,,sublobata,4,1,1,1,1
5.20,a,2,Gryphaea,Bilobissa,,sublobata,4,1,1,1,1
5.20,a,2,Gryphaea,Bilobissa,,sublobata,4,1,1,1,1
5.20,a,2,Gryphaea,Bilobissa,,sublobata,4,1,1,1,1
5.20,a,2,Gryphaea,Bilobissa,,sublobata,4,1,1,1,1
5.20,a,2,Gryphaea,Bilobissa,,sublobata,4,1,1,1,1
5.20,a,2,Gryphaea,Bilobissa,,sublobata,4,1,1,1,1
5.20,a,2,Gryphaea,Bilobissa,,sublobata,4,1,1,1,1
5.20,a,2,Gryphaea,Bilobissa,,sublobata,4,1,1,1,1
5.20,a,2,Gryphaea,Bilobissa,,sublobata,4,1,1,1,1
5.20,a,2,Gryphaea,Bilobissa,,sublobata,4,1,1,1,1
5.20,a,2,Gryphaea,Bilobissa,,sublobata,4,1,1,1,1
5.20,a,2,Gryphaea,Bilobissa,,sublobata,4,1,1,1,1
5.20,a,2,Gryphaea,Bilobissa,,sublobata,4,1,1,1,1
5.20,a,2,Gryphaea,Bilobissa,,sublobata,4,1,1,1,1
5.20,a,2,Gryphaea,Bilobissa,,sublobata,4,1,1,1,1
5.20,a,2,Gryphaea,Bilobissa,,sublobata,4,1,1,1,1
5.20,a,2,Gryphaea,Bilobissa,,sublobata,4,1,1,1,1
5.20,a,2,Gryphaea,Bilobissa,,sublobata,4,1,1,1,1
5.20,a,2,Gryphaea,Bilobissa,,sublobata,4,1,1,1,1
5.20,a,2,Gryphaea,Bilobissa,,sublobata,4,1,1,1,1
5.20,a,2,Gryphaea,Bilobissa,,sublobata,4,1,1,1,1
5.20,a,2,Gryphaea,Bilobissa,,sublobata,4,1,1,1,1
5.20,a,2,Gryphaea,Bilobissa,,sublobata,4,1,1,1,1
5.20,a,2,Gryphaea,Bilobissa,,sublobata,4,1,1,1,1
5.20,a,2,Gryphaea,Bilobissa,,sublobata,4,1,1,1,1
5.20,a,2,Gryphaea,Bilobissa,,sublobata,4,1,1,1,1
5.20,a,2,Gryphaea,Bilobissa,,sublobata,4,1,1,1,1
5.20,a,2,Gryphaea,Bilobissa,,sublobata,4,1,1,1,1
5.20,a,2,Gryphaea,Bilobissa,,sublobata,4,1,1,1,1
5.20,a,2,Gryphaea,Bilobissa,,sublobata,4,1,1,1,1
5.20,a,2,Gryphaea,Bilobissa,,sublobata,4,1,1,1,1
5.20,a,2,Gryphaea,Bilobissa,,sublobata,4,1,1,1,1
5.20,a,2,Gryphaea,Bilobissa,,sublobata,4,1,1,1,1
5.20,a,2,Gryphaea,Bilobissa,,sublobata,4,1,1,1,1
5.20,a,2,Gryphaea,Bilobissa,,sublobata,4,1,1,1,1
5.20,a,2,Gryphaea,Bilobissa,,sublobata,4,1,1,1,1
5.20,a,2,Gryphaea,Bilobissa,,sublobata,4,1,1,1,1
5.20,a,2,Gryphaea,Bilobissa,,sublobata,4,1,1,1,1
5.20,a,2,Gryphaea,Bilobissa,,sublobata,4,1,1,1,1
5.20,a,2,Gryphaea,Bilobissa,,sublobata,4,1,1,1,1
5.20,a,2,Gryphaea,Bilobissa,,sublobata,4,1,1,1,1
5.20,a,2,Gryphaea,Bilobissa,,sublobata,4,1,1,1,1
5.20,a,2,Gryphaea,Bilobissa,,sublobata,4,1,1,1,1
5.20,a,2,Gryphaea,Bilobissa,,sublobata,4,1,1,1,1
5.20,a,2,Harpax,,,auricola,3,1,1,1,1
5.20,a,2,Harpax,,,spinosa,3,1,1,1,1
5.20,a,2,Harpax,,,spinosa,3,1,1,1,1
5.20,a,2,Placunopsis,,,radiata,3,1,1,1,1
5.20,a,2,Plagiostoma,,,punctatum,2,1,1,1,1
5.20,a,2,Pseudolimea,,,duplicata,2,1,1,1,1
5.20,a,2,Pseudolimea,,,duplicata,2,1,1,1,1
5.20,a,2,Pseudolimea,,,duplicata,2,1,1,1,1
5.20,a,2,Pseudopecten,Pseudopecten,,dentatus,5,2,1,1,1
5.20,a,2,Pseudopecten,Pseudopecten,,dentatus,5,2,1,1,1
5.20,a,2,Pseudopecten,Pseudopecten,,dentatus,5,2,1,1,1
5.20,a,2,Pseudopecten,Pseudopecten,,dentatus,5,2,1,1,1
5.20,a,2,Pseudopecten,Pseudopecten,,dentatus,5,2,1,1,1
5.20,a,2,Pseudopecten,Pseudopecten,,dentatus,5,2,1,1,1
5.20,a,2,Pseudopecten,Pseudopecten,,dentatus,5,2,1,1,1
5.20,a,2,Weyla,Weyla,,pradoana,4,1,1,1,1
5.60,a,1,Liospiriferina,,,falloti,1,1,1,1,1
5.60,a,1,Lobothyris,,,subpunctata,1,1,1,1,1
5.60,a,1,Lobothyris,,,subpunctata,1,1,1,1,1
5.60,a,1,Quadratirhynchia,,,attenuata,1,1,1,1,1
5.60,a,1,Quadratirhynchia,,,attenuata,1,1,1,1,1
5.60,a,1,Quadratirhynchia,,,attenuata,1,1,1,1,1
5.60,a,1,Quadratirhynchia,,,attenuata,1,1,1,1,1
5.60,a,1,Quadratirhynchia,,,attenuata,1,1,1,1,1
5.60,a,2,Camptonectes,Camptonectes,,auritus,6,2,1,1,1
5.60,a,2,Eopecten,,,velatus,2,1,1,1,1
5.60,a,2,Gryphaea,Bilobissa,,sublobata,4,1,1,1,1
5.60,a,2,Gryphaea,Bilobissa,,sublobata,4,1,1,1,1
5.60,a,2,Gryphaea,Bilobissa,,sublobata,4,1,1,1,1
5.60,a,2,Gryphaea,Bilobissa,,sublobata,4,1,1,1,1
5.60,a,2,Gryphaea,Bilobissa,,sublobata,4,1,1,1,1
5.60,a,2,Gryphaea,Bilobissa,,sublobata,4,1,1,1,1
5.60,a,2,Gryphaea,Bilobissa,,sublobata,4,1,1,1,1
5.60,a,2,Gryphaea,Bilobissa,,sublobata,4,1,1,1,1
5.60,a,2,Gryphaea,Bilobissa,,sublobata,4,1,1,1,1
5.60,a,2,Gryphaea,Bilobissa,,sublobata,4,1,1,1,1
5.60,a,2,Gryphaea,Bilobissa,,sublobata,4,1,1,1,1
5.60,a,2,Gryphaea,Bilobissa,,sublobata,4,1,1,1,1
5.60,a,2,Gryphaea,Bilobissa,,sublobata,4,1,1,1,1
5.60,a,2,Gryphaea,Bilobissa,,sublobata,4,1,1,1,1
5.60,a,2,Gryphaea,Bilobissa,,sublobata,4,1,1,1,1
5.60,a,2,Gryphaea,Bilobissa,,sublobata,4,1,1,1,1
5.60,a,2,Gryphaea,Bilobissa,,sublobata,4,1,1,1,1
5.60,a,2,Gryphaea,Bilobissa,,sublobata,4,1,1,1,1
5.60,a,2,Gryphaea,Bilobissa,,sublobata,4,1,1,1,1
5.60,a,2,Gryphaea,Bilobissa,,sublobata,4,1,1,1,1
5.60,a,2,Gryphaea,Bilobissa,,sublobata,4,1,1,1,1
5.60,a,2,Gryphaea,Bilobissa,,sublobata,4,1,1,1,1
5.60,a,2,Gryphaea,Bilobissa,,sublobata,4,1,1,1,1
5.60,a,2,Gryphaea,Bilobissa,,sublobata,4,1,1,1,1
5.60,a,2,Gryphaea,Bilobissa,,sublobata,4,1,1,1,1
5.60,a,2,Gryphaea,Bilobissa,,sublobata,4,1,1,1,1
5.60,a,2,Gryphaea,Bilobissa,,sublobata,4,1,1,1,1
5.60,a,2,Gryphaea,Bilobissa,,sublobata,4,1,1,1,1
5.60,a,2,Gryphaea,Bilobissa,,sublobata,4,1,1,1,1
5.60,a,2,Gryphaea,Bilobissa,,sublobata,4,1,1,1,1
5.60,a,2,Gryphaea,Bilobissa,,sublobata,4,1,1,1,1
5.60,a,2,Gryphaea,Bilobissa,,sublobata,4,1,1,1,1
5.60,a,2,Gryphaea,Bilobissa,,sublobata,4,1,1,1,1
5.60,a,2,Gryphaea,Bilobissa,,sublobata,4,1,1,1,1
5.60,a,2,Gryphaea,Bilobissa,,sublobata,4,1,1,1,1
5.60,a,2,Gryphaea,Bilobissa,,sublobata,4,1,1,1,1
5.60,a,2,Gryphaea,Bilobissa,,sublobata,4,1,1,1,1
5.60,a,2,Gryphaea,Bilobissa,,sublobata,4,1,1,1,1
5.60,a,2,Gryphaea,Bilobissa,,sublobata,4,1,1,1,1
5.60,a,2,Gryphaea,Bilobissa,,sublobata,4,1,1,1,1
5.60,a,2,Gryphaea,Bilobissa,,sublobata,4,1,1,1,1
5.60,a,2,Gryphaea,Bilobissa,,sublobata,4,1,1,1,1
5.60,a,2,Gryphaea,Bilobissa,,sublobata,4,1,1,1,1
5.60,a,2,Gryphaea,Bilobissa,,sublobata,4,1,1,1,1
5.60,a,2,Gryphaea,Bilobissa,,sublobata,4,1,1,1,1
5.60,a,2,Gryphaea,Bilobissa,,sublobata,4,1,1,1,1
5.60,a,2,Gryphaea,Bilobissa,,sublobata,4,1,1,1,1
5.60,a,2,Gryphaea,Bilobissa,,sublobata,4,1,1,1,1
5.60,a,2,Gryphaea,Bilobissa,,sublobata,4,1,1,1,1
5.60,a,2,Gryphaea,Bilobissa,,sublobata,4,1,1,1,1
5.60,a,2,Gryphaea,Bilobissa,,sublobata,4,1,1,1,1
5.60,a,2,Gryphaea,Bilobissa,,sublobata,4,1,1,1,1
5.60,a,2,Gryphaea,Bilobissa,,sublobata,4,1,1,1,1
5.60,a,2,Gryphaea,Bilobissa,,sublobata,4,1,1,1,1
5.60,a,2,Gryphaea,Bilobissa,,sublobata,4,1,1,1,1
5.60,a,2,Gryphaea,Bilobissa,,sublobata,4,1,1,1,1
5.60,a,2,Gryphaea,Bilobissa,,sublobata,4,1,1,1,1
5.60,a,2,Gryphaea,Bilobissa,,sublobata,4,1,1,1,1
5.60,a,2,Gryphaea,Bilobissa,,sublobata,4,1,1,1,1
5.60,a,2,Gryphaea,Bilobissa,,sublobata,4,1,1,1,1
5.60,a,2,Gryphaea,Bilobissa,,sublobata,4,1,1,1,1
5.60,a,2,Gryphaea,Bilobissa,,sublobata,4,1,1,1,1
5.60,a,2,Gryphaea,Bilobissa,,sublobata,4,1,1,1,1
5.60,a,2,Gryphaea,Bilobissa,,sublobata,4,1,1,1,1
5.60,a,2,Gryphaea,Bilobissa,,sublobata,4,1,1,1,1
5.60,a,2,Gryphaea,Bilobissa,,sublobata,4,1,1,1,1
5.60,a,2,Gryphaea,Bilobissa,,sublobata,4,1,1,1,1
5.60,a,2,Gryphaea,Bilobissa,,sublobata,4,1,1,1,1
5.60,a,2,Gryphaea,Bilobissa,,sublobata,4,1,1,1,1
5.60,a,2,Gryphaea,Bilobissa,,sublobata,4,1,1,1,1
5.60,a,2,Gryphaea,Bilobissa,,sublobata,4,1,1,1,1
5.60,a,2,Gryphaea,Bilobissa,,sublobata,4,1,1,1,1
5.60,a,2,Gryphaea,Bilobissa,,sublobata,4,1,1,1,1
5.60,a,2,Gryphaea,Bilobissa,,sublobata,4,1,1,1,1
5.60,a,2,Gryphaea,Bilobissa,,sublobata,4,1,1,1,1
5.60,a,2,Gryphaea,Bilobissa,,sublobata,4,1,1,1,1
5.60,a,2,Gryphaea,Bilobissa,,sublobata,4,1,1,1,1
5.60,a,2,Gryphaea,Bilobissa,,sublobata,4,1,1,1,1
5.60,a,2,Gryphaea,Bilobissa,,sublobata,4,1,1,1,1
5.60,a,2,Gryphaea,Bilobissa,,sublobata,4,1,1,1,1
5.60,a,2,Harpax,,,auricola,3,1,1,1,1
5.60,a,2,Lycettia,,,lunularis,2,1,1,1,1
5.60,a,2,Lycettia,,,lunularis,2,1,1,1,1
5.60,a,2,Plagiostoma,,,punctatum,2,1,1,1,1
5.60,a,2,Plagiostoma,,,punctatum,2,1,1,1,1
5.60,a,2,Pseudolimea,,,duplicata,2,1,1,1,1
5.60,a,2,Pseudolimea,,,duplicata,2,1,1,1,1
5.60,a,2,Pseudolimea,,,duplicata,2,1,1,1,1
5.60,a,2,Pseudolimea,,,duplicata,2,1,1,1,1
5.60,a,2,Pseudolimea,,,duplicata,2,1,1,1,1
5.60,a,2,Pseudolimea,,,duplicata,2,1,1,1,1
5.60,a,2,Pseudolimea,,,duplicata,2,1,1,1,1
5.60,a,2,Pseudolimea,,,duplicata,2,1,1,1,1
5.60,a,2,Pseudolimea,,,duplicata,2,1,1,1,1
5.60,a,2,Pseudolimea,,cf.,roemeri,2,1,1,1,1
5.60,a,2,Pseudolimea,,cf.,roemeri,2,1,1,1,1
5.60,a,2,Pseudolimea,,cf.,roemeri,2,1,1,1,1
5.60,a,2,Pseudolimea,,cf.,roemeri,2,1,1,1,1
5.60,a,2,Pseudopecten,Pseudopecten,,dentatus,5,2,1,1,1
5.60,a,2,Pseudopecten,Pseudopecten,,dentatus,5,2,1,1,1
5.60,a,2,Pseudopecten,Pseudopecten,,dentatus,5,2,1,1,1
5.60,a,2,Pseudopecten,Pseudopecten,,dentatus,5,2,1,1,1
5.60,a,2,Pseudopecten,Pseudopecten,,dentatus,5,2,1,1,1
5.60,a,2,Pseudopecten,Pseudopecten,,dentatus,5,2,1,1,1
5.60,a,2,Pseudopecten,Pseudopecten,,dentatus,5,2,1,1,1
5.60,a,2,Pseudopecten,Pseudopecten,,dentatus,5,2,1,1,1
5.90,a,1,Gibbirhynchia,,,micra,1,1,1,1,1
5.90,a,1,Gibbirhynchia,,,micra,1,1,1,1,1
5.90,a,1,Gibbirhynchia,,,micra,1,1,1,1,1
5.90,a,1,Quadratirhynchia,,,attenuata,1,1,1,1,1
5.90,a,1,Quadratirhynchia,,,attenuata,1,1,1,1,1
5.90,a,1,Quadratirhynchia,,,attenuata,1,1,1,1,1
5.90,a,1,Quadratirhynchia,,,attenuata,1,1,1,1,1
5.90,a,1,Quadratirhynchia,,,attenuata,1,1,1,1,1
5.90,a,1,Quadratirhynchia,,,attenuata,1,1,1,1,1
5.90,a,1,Quadratirhynchia,,,attenuata,1,1,1,1,1
5.90,a,1,Quadratirhynchia,,,attenuata,1,1,1,1,1
5.90,a,1,Quadratirhynchia,,,attenuata,1,1,1,1,1
5.90,a,1,Quadratirhynchia,,,attenuata,1,1,1,1,1
5.90,a,1,Quadratirhynchia,,,attenuata,1,1,1,1,1
5.90,a,1,Quadratirhynchia,,,attenuata,1,1,1,1,1
5.90,a,1,Quadratirhynchia,,,attenuata,1,1,1,1,1
5.90,a,1,Quadratirhynchia,,,attenuata,1,1,1,1,1
5.90,a,1,Quadratirhynchia,,,attenuata,1,1,1,1,1
5.90,a,2,Arcomytilus,,,pectinatus,2,1,1,1,1
5.90,a,2,Arcomytilus,,,pectinatus,2,1,1,1,1
5.90,a,2,Arcomytilus,,,pectinatus,2,1,1,1,1
5.90,a,2,Camptonectes,Camptonectes,,subulatus,6,2,1,1,1
5.90,a,2,Entolium,,,corneolum,5,2,1,1,1
5.90,a,2,Entolium,,,corneolum,5,2,1,1,1
5.90,a,2,Entolium,,,corneolum,5,2,1,1,1
5.90,a,2,Entolium,,,corneolum,5,2,1,1,1
5.90,a,2,Eopecten,,,velatus,2,1,1,1,1
5.90,a,2,Grammatodon,Grammatodon,,concinnus,6,2,1,1,1
5.90,a,2,Gryphaea,Bilobissa,,sublobata,4,1,1,1,1
5.90,a,2,Gryphaea,Bilobissa,,sublobata,4,1,1,1,1
5.90,a,2,Gryphaea,Bilobissa,,sublobata,4,1,1,1,1
5.90,a,2,Gryphaea,Bilobissa,,sublobata,4,1,1,1,1
5.90,a,2,Gryphaea,Bilobissa,,sublobata,4,1,1,1,1
5.90,a,2,Gryphaea,Bilobissa,,sublobata,4,1,1,1,1
5.90,a,2,Gryphaea,Bilobissa,,sublobata,4,1,1,1,1
5.90,a,2,Gryphaea,Bilobissa,,sublobata,4,1,1,1,1
5.90,a,2,Gryphaea,Bilobissa,,sublobata,4,1,1,1,1
5.90,a,2,Gryphaea,Bilobissa,,sublobata,4,1,1,1,1
5.90,a,2,Gryphaea,Bilobissa,,sublobata,4,1,1,1,1
5.90,a,2,Gryphaea,Bilobissa,,sublobata,4,1,1,1,1
5.90,a,2,Gryphaea,Bilobissa,,sublobata,4,1,1,1,1
5.90,a,2,Gryphaea,Bilobissa,,sublobata,4,1,1,1,1
5.90,a,2,Gryphaea,Bilobissa,,sublobata,4,1,1,1,1
5.90,a,2,Gryphaea,Bilobissa,,sublobata,4,1,1,1,1
5.90,a,2,Gryphaea,Bilobissa,,sublobata,4,1,1,1,1
5.90,a,2,Gryphaea,Bilobissa,,sublobata,4,1,1,1,1
5.90,a,2,Gryphaea,Bilobissa,,sublobata,4,1,1,1,1
5.90,a,2,Gryphaea,Bilobissa,,sublobata,4,1,1,1,1
5.90,a,2,Gryphaea,Bilobissa,,sublobata,4,1,1,1,1
5.90,a,2,Gryphaea,Bilobissa,,sublobata,4,1,1,1,1
5.90,a,2,Gryphaea,Bilobissa,,sublobata,4,1,1,1,1
5.90,a,2,Gryphaea,Bilobissa,,sublobata,4,1,1,1,1
5.90,a,2,Gryphaea,Bilobissa,,sublobata,4,1,1,1,1
5.90,a,2,Gryphaea,Bilobissa,,sublobata,4,1,1,1,1
5.90,a,2,Gryphaea,Bilobissa,,sublobata,4,1,1,1,1
5.90,a,2,Gryphaea,Bilobissa,,sublobata,4,1,1,1,1
5.90,a,2,Gryphaea,Bilobissa,,sublobata,4,1,1,1,1
5.90,a,2,Gryphaea,Bilobissa,,sublobata,4,1,1,1,1
5.90,a,2,Gryphaea,Bilobissa,,sublobata,4,1,1,1,1
5.90,a,2,Gryphaea,Bilobissa,,sublobata,4,1,1,1,1
5.90,a,2,Gryphaea,Bilobissa,,sublobata,4,1,1,1,1
5.90,a,2,Gryphaea,Bilobissa,,sublobata,4,1,1,1,1
5.90,a,2,Gryphaea,Bilobissa,,sublobata,4,1,1,1,1
5.90,a,2,Gryphaea,Bilobissa,,sublobata,4,1,1,1,1
5.90,a,2,Gryphaea,Bilobissa,,sublobata,4,1,1,1,1
5.90,a,2,Gryphaea,Bilobissa,,sublobata,4,1,1,1,1
5.90,a,2,Gryphaea,Bilobissa,,sublobata,4,1,1,1,1
5.90,a,2,Gryphaea,Bilobissa,,sublobata,4,1,1,1,1
5.90,a,2,Gryphaea,Bilobissa,,sublobata,4,1,1,1,1
5.90,a,2,Gryphaea,Bilobissa,,sublobata,4,1,1,1,1
5.90,a,2,Gryphaea,Bilobissa,,sublobata,4,1,1,1,1
5.90,a,2,Gryphaea,Bilobissa,,sublobata,4,1,1,1,1
5.90,a,2,Gryphaea,Bilobissa,,sublobata,4,1,1,1,1
5.90,a,2,Gryphaea,Bilobissa,,sublobata,4,1,1,1,1
5.90,a,2,Gryphaea,Bilobissa,,sublobata,4,1,1,1,1
5.90,a,2,Gryphaea,Bilobissa,,sublobata,4,1,1,1,1
5.90,a,2,Gryphaea,Bilobissa,,sublobata,4,1,1,1,1
5.90,a,2,Gryphaea,Bilobissa,,sublobata,4,1,1,1,1
5.90,a,2,Gryphaea,Bilobissa,,sublobata,4,1,1,1,1
5.90,a,2,Gryphaea,Bilobissa,,sublobata,4,1,1,1,1
5.90,a,2,Gryphaea,Bilobissa,,sublobata,4,1,1,1,1
5.90,a,2,Gryphaea,Bilobissa,,sublobata,4,1,1,1,1
5.90,a,2,Gryphaea,Bilobissa,,sublobata,4,1,1,1,1
5.90,a,2,Gryphaea,Bilobissa,,sublobata,4,1,1,1,1
5.90,a,2,Gryphaea,Bilobissa,,sublobata,4,1,1,1,1
5.90,a,2,Gryphaea,Bilobissa,,sublobata,4,1,1,1,1
5.90,a,2,Gryphaea,Bilobissa,,sublobata,4,1,1,1,1
5.90,a,2,Gryphaea,Bilobissa,,sublobata,4,1,1,1,1
5.90,a,2,Gryphaea,Bilobissa,,sublobata,4,1,1,1,1
5.90,a,2,Gryphaea,Bilobissa,,sublobata,4,1,1,1,1
5.90,a,2,Gryphaea,Bilobissa,,sublobata,4,1,1,1,1
5.90,a,2,Gryphaea,Bilobissa,,sublobata,4,1,1,1,1
5.90,a,2,Gryphaea,Bilobissa,,sublobata,4,1,1,1,1
5.90,a,2,Gryphaea,Bilobissa,,sublobata,4,1,1,1,1
5.90,a,2,Gryphaea,Bilobissa,,sublobata,4,1,1,1,1
5.90,a,2,Gryphaea,Bilobissa,,sublobata,4,1,1,1,1
5.90,a,2,Gryphaea,Bilobissa,,sublobata,4,1,1,1,1
5.90,a,2,Harpax,,,auricola,3,1,1,1,1
5.90,a,2,Harpax,,,auricola,3,1,1,1,1
5.90,a,2,Lycettia,,,lunularis,2,1,1,1,1
5.90,a,2,Lycettia,,,lunularis,2,1,1,1,1
5.90,a,2,Parvamussium,,,pumilum,5,2,5,2,1
5.90,a,2,Parvamussium,,,pumilum,5,2,5,2,1
5.90,a,2,Plagiostoma,,,giganteum,4,1,1,1,1
5.90,a,2,Plagiostoma,,,giganteum,4,1,1,1,1
5.90,a,2,Plagiostoma,,,giganteum,4,1,1,1,1
5.90,a,2,Pseudolimea,,,duplicata,2,1,1,1,1
5.90,a,2,Pseudolimea,,,duplicata,2,1,1,1,1
5.90,a,2,Pseudolimea,,,duplicata,2,1,1,1,1
5.90,a,2,Pseudolimea,,,duplicata,2,1,1,1,1
5.90,a,2,Pseudolimea,,,duplicata,2,1,1,1,1
5.90,a,2,Pseudolimea,,,duplicata,2,1,1,1,1
5.90,a,2,Pseudolimea,,,duplicata,2,1,1,1,1
5.90,a,2,Pseudolimea,,,duplicata,2,1,1,1,1
5.90,a,2,Pseudolimea,,,duplicata,2,1,1,1,1
5.90,a,2,Pseudopecten,Pseudopecten,,dentatus,5,2,1,1,1
5.90,a,2,Pseudopecten,Pseudopecten,,dentatus,5,2,1,1,1
5.90,a,2,Pseudopecten,Pseudopecten,,dentatus,5,2,1,1,1
5.90,a,2,Pseudopecten,Pseudopecten,,dentatus,5,2,1,1,1
5.90,a,2,Pseudopecten,Pseudopecten,,dentatus,5,2,1,1,1
5.90,a,2,Pseudopecten,Pseudopecten,,dentatus,5,2,1,1,1
5.90,a,2,Pseudopecten,Pseudopecten,,dentatus,5,2,1,1,1
5.90,a,2,Pseudopecten,Pseudopecten,,dentatus,5,2,1,1,1
5.90,a,2,Pseudopecten,Pseudopecten,,dentatus,5,2,1,1,1
5.90,a,2,Pseudopecten,Pseudopecten,,dentatus,5,2,1,1,1
5.90,a,2,Pseudopecten,Pseudopecten,,dentatus,5,2,1,1,1
5.90,a,3,Katosira,,,sp. A,7,2,4,2,1
5.90,a,3,Neritopsis,,,sp.,7,2,4,2,1
6.20,b,1,Lobothyris,,,arcta,1,1,1,1,1
6.20,b,1,Quadratirhynchia,,,attenuata,1,1,1,1,1
6.20,b,1,Quadratirhynchia,,,attenuata,1,1,1,1,1
6.20,b,1,Quadratirhynchia,,,attenuata,1,1,1,1,1
6.20,b,1,Quadratirhynchia,,,attenuata,1,1,1,1,1
6.20,b,1,Quadratirhynchia,,,attenuata,1,1,1,1,1
6.20,b,1,Quadratirhynchia,,,attenuata,1,1,1,1,1
6.20,b,1,Quadratirhynchia,,,attenuata,1,1,1,1,1
6.20,b,1,Quadratirhynchia,,,attenuata,1,1,1,1,1
6.20,b,1,Quadratirhynchia,,,attenuata,1,1,1,1,1
6.20,b,1,Quadratirhynchia,,,attenuata,1,1,1,1,1
6.20,b,1,Quadratirhynchia,,,attenuata,1,1,1,1,1
6.20,b,1,Tetrarhynchia,,,subconcinna,1,1,1,1,1
6.20,b,1,Tetrarhynchia,,,subconcinna,1,1,1,1,1
6.20,b,1,Tetrarhynchia,,,subconcinna,1,1,1,1,1
6.20,b,1,Tetrarhynchia,,,subconcinna,1,1,1,1,1
6.20,b,1,Tetrarhynchia,,,subconcinna,1,1,1,1,1
6.20,b,2,Arcomytilus,,,pectinatus,2,1,1,1,1
6.20,b,2,Arcomytilus,,,pectinatus,2,1,1,1,1
6.20,b,2,Arcomytilus,,,pectinatus,2,1,1,1,1
6.20,b,2,Bositra,,,buchi,4,1,1,1,1
6.20,b,2,Bositra,,,buchi,4,1,1,1,1
6.20,b,2,Bositra,,,buchi,4,1,1,1,1
6.20,b,2,Bositra,,,buchi,4,1,1,1,1
6.20,b,2,Bositra,,,buchi,4,1,1,1,1
6.20,b,2,Bositra,,,buchi,4,1,1,1,1
6.20,b,2,Bositra,,,buchi,4,1,1,1,1
6.20,b,2,Bositra,,,buchi,4,1,1,1,1
6.20,b,2,Eopecten,,,velatus,2,1,1,1,1
6.20,b,2,Eopecten,,,velatus,2,1,1,1,1
6.20,b,2,Eopecten,,,velatus,2,1,1,1,1
6.20,b,2,Eopecten,,,velatus,2,1,1,1,1
6.20,b,2,Grammatodon,Grammatodon,,concinnus,6,2,1,1,1
6.20,b,2,Grammatodon,Grammatodon,,concinnus,6,2,1,1,1
6.20,b,2,Grammatodon,Grammatodon,,concinnus,6,2,1,1,1
6.20,b,2,Grammatodon,Grammatodon,,concinnus,6,2,1,1,1
6.20,b,2,Gryphaea,Bilobissa,,sublobata,4,1,1,1,1
6.20,b,2,Gryphaea,Bilobissa,,sublobata,4,1,1,1,1
6.20,b,2,Gryphaea,Bilobissa,,sublobata,4,1,1,1,1
6.20,b,2,Gryphaea,Bilobissa,,sublobata,4,1,1,1,1
6.20,b,2,Gryphaea,Bilobissa,,sublobata,4,1,1,1,1
6.20,b,2,Gryphaea,Bilobissa,,sublobata,4,1,1,1,1
6.20,b,2,Gryphaea,Bilobissa,,sublobata,4,1,1,1,1
6.20,b,2,Gryphaea,Bilobissa,,sublobata,4,1,1,1,1
6.20,b,2,Gryphaea,Bilobissa,,sublobata,4,1,1,1,1
6.20,b,2,Gryphaea,Bilobissa,,sublobata,4,1,1,1,1
6.20,b,2,Gryphaea,Bilobissa,,sublobata,4,1,1,1,1
6.20,b,2,Gryphaea,Bilobissa,,sublobata,4,1,1,1,1
6.20,b,2,Gryphaea,Bilobissa,,sublobata,4,1,1,1,1
6.20,b,2,Gryphaea,Bilobissa,,sublobata,4,1,1,1,1
6.20,b,2,Gryphaea,Bilobissa,,sublobata,4,1,1,1,1
6.20,b,2,Gryphaea,Bilobissa,,sublobata,4,1,1,1,1
6.20,b,2,Gryphaea,Bilobissa,,sublobata,4,1,1,1,1
6.20,b,2,Gryphaea,Bilobissa,,sublobata,4,1,1,1,1
6.20,b,2,Gryphaea,Bilobissa,,sublobata,4,1,1,1,1
6.20,b,2,Gryphaea,Bilobissa,,sublobata,4,1,1,1,1
6.20,b,2,Gryphaea,Bilobissa,,sublobata,4,1,1,1,1
6.20,b,2,Gryphaea,Bilobissa,,sublobata,4,1,1,1,1
6.20,b,2,Gryphaea,Bilobissa,,sublobata,4,1,1,1,1
6.20,b,2,Gryphaea,Bilobissa,,sublobata,4,1,1,1,1
6.20,b,2,Gryphaea,Bilobissa,,sublobata,4,1,1,1,1
6.20,b,2,Gryphaea,Bilobissa,,sublobata,4,1,1,1,1
6.20,b,2,Gryphaea,Bilobissa,,sublobata,4,1,1,1,1
6.20,b,2,Gryphaea,Bilobissa,,sublobata,4,1,1,1,1
6.20,b,2,Gryphaea,Bilobissa,,sublobata,4,1,1,1,1
6.20,b,2,Gryphaea,Bilobissa,,sublobata,4,1,1,1,1
6.20,b,2,Gryphaea,Bilobissa,,sublobata,4,1,1,1,1
6.20,b,2,Gryphaea,Bilobissa,,sublobata,4,1,1,1,1
6.20,b,2,Gryphaea,Bilobissa,,sublobata,4,1,1,1,1
6.20,b,2,Gryphaea,Bilobissa,,sublobata,4,1,1,1,1
6.20,b,2,Gryphaea,Bilobissa,,sublobata,4,1,1,1,1
6.20,b,2,Gryphaea,Bilobissa,,sublobata,4,1,1,1,1
6.20,b,2,Gryphaea,Bilobissa,,sublobata,4,1,1,1,1
6.20,b,2,Gryphaea,Bilobissa,,sublobata,4,1,1,1,1
6.20,b,2,Gryphaea,Bilobissa,,sublobata,4,1,1,1,1
6.20,b,2,Gryphaea,Bilobissa,,sublobata,4,1,1,1,1
6.20,b,2,Gryphaea,Bilobissa,,sublobata,4,1,1,1,1
6.20,b,2,Gryphaea,Bilobissa,,sublobata,4,1,1,1,1
6.20,b,2,Gryphaea,Bilobissa,,sublobata,4,1,1,1,1
6.20,b,2,Gryphaea,Bilobissa,,sublobata,4,1,1,1,1
6.20,b,2,Plagiostoma,,,giganteum,4,1,1,1,1
6.20,b,2,Plagiostoma,,,giganteum,4,1,1,1,1
6.20,b,2,Plagiostoma,,,giganteum,4,1,1,1,1
6.20,b,2,Plagiostoma,,,giganteum,4,1,1,1,1
6.20,b,2,Plagiostoma,,,giganteum,4,1,1,1,1
6.20,b,2,Plagiostoma,,,giganteum,4,1,1,1,1
6.20,b,2,Plagiostoma,,,giganteum,4,1,1,1,1
6.20,b,2,Plagiostoma,,,giganteum,4,1,1,1,1
6.20,b,2,Plagiostoma,,,giganteum,4,1,1,1,1
6.20,b,2,Plagiostoma,,,giganteum,4,1,1,1,1
6.20,b,2,Plagiostoma,,,giganteum,4,1,1,1,1
6.20,b,2,Plagiostoma,,,giganteum,4,1,1,1,1
6.20,b,2,Plagiostoma,,,giganteum,4,1,1,1,1
6.20,b,2,Plagiostoma,,,giganteum,4,1,1,1,1
6.20,b,2,Plagiostoma,,,giganteum,4,1,1,1,1
6.20,b,2,Plagiostoma,,,punctatum,2,1,1,1,1
6.20,b,2,Pseudolimea,,,duplicata,2,1,1,1,1
6.20,b,2,Pseudolimea,,,duplicata,2,1,1,1,1
6.20,b,2,Pseudolimea,,,duplicata,2,1,1,1,1
6.20,b,2,Pseudopecten,Pseudopecten,,dentatus,5,2,1,1,1
6.20,b,2,Pseudopecten,Pseudopecten,,dentatus,5,2,1,1,1
6.20,b,2,Pseudopecten,Pseudopecten,,dentatus,5,2,1,1,1
6.20,b,3,Ampullospira,,,sp.,7,2,4,2,1
6.20,b,3,Neritopsis,,,sp.,7,2,4,2,1
6.20,b,3,Pseudomelania,,,sp.,7,2,4,2,1
6.70,b,1,Lobothyris,,,arcta,1,1,1,1,1
6.70,b,1,Lobothyris,,,arcta,1,1,1,1,1
6.70,b,1,Lobothyris,,,arcta,1,1,1,1,1
6.70,b,1,Lobothyris,,,arcta,1,1,1,1,1
6.70,b,1,Lobothyris,,,arcta,1,1,1,1,1
6.70,b,1,Lobothyris,,,arcta,1,1,1,1,1
6.70,b,1,Lobothyris,,,arcta,1,1,1,1,1
6.70,b,1,Lobothyris,,,arcta,1,1,1,1,1
6.70,b,1,Lobothyris,,,arcta,1,1,1,1,1
6.70,b,1,Lobothyris,,,arcta,1,1,1,1,1
6.70,b,1,Lobothyris,,,arcta,1,1,1,1,1
6.70,b,1,Lobothyris,,,arcta,1,1,1,1,1
6.70,b,1,Lobothyris,,,arcta,1,1,1,1,1
6.70,b,1,Lobothyris,,,arcta,1,1,1,1,1
6.70,b,1,Lobothyris,,,arcta,1,1,1,1,1
6.70,b,1,Lobothyris,,,arcta,1,1,1,1,1
6.70,b,1,Lobothyris,,,arcta,1,1,1,1,1
6.70,b,1,Lobothyris,,,arcta,1,1,1,1,1
6.70,b,1,Lobothyris,,,arcta,1,1,1,1,1
6.70,b,1,Lobothyris,,,arcta,1,1,1,1,1
6.70,b,1,Lobothyris,,,arcta,1,1,1,1,1
6.70,b,1,Lobothyris,,,arcta,1,1,1,1,1
6.70,b,1,Lobothyris,,,arcta,1,1,1,1,1
6.70,b,1,Lobothyris,,,arcta,1,1,1,1,1
6.70,b,1,Lobothyris,,,arcta,1,1,1,1,1
6.70,b,1,Lobothyris,,,arcta,1,1,1,1,1
6.70,b,1,Lobothyris,,,arcta,1,1,1,1,1
6.70,b,1,Lobothyris,,,arcta,1,1,1,1,1
6.70,b,1,Lobothyris,,,arcta,1,1,1,1,1
6.70,b,1,Lobothyris,,,arcta,1,1,1,1,1
6.70,b,1,Lobothyris,,,arcta,1,1,1,1,1
6.70,b,1,Lobothyris,,,arcta,1,1,1,1,1
6.70,b,1,Lobothyris,,,arcta,1,1,1,1,1
6.70,b,1,Lobothyris,,,arcta,1,1,1,1,1
6.70,b,1,Lobothyris,,,arcta,1,1,1,1,1
6.70,b,1,Lobothyris,,,arcta,1,1,1,1,1
6.70,b,1,Lobothyris,,,arcta,1,1,1,1,1
6.70,b,1,Lobothyris,,,arcta,1,1,1,1,1
6.70,b,1,Lobothyris,,,arcta,1,1,1,1,1
6.70,b,1,Lobothyris,,,arcta,1,1,1,1,1
6.70,b,1,Lobothyris,,,arcta,1,1,1,1,1
6.70,b,1,Lobothyris,,,arcta,1,1,1,1,1
6.70,b,1,Lobothyris,,,arcta,1,1,1,1,1
6.70,b,1,Lobothyris,,,arcta,1,1,1,1,1
6.70,b,1,Lobothyris,,,arcta,1,1,1,1,1
6.70,b,1,Lobothyris,,,arcta,1,1,1,1,1
6.70,b,1,Lobothyris,,,arcta,1,1,1,1,1
6.70,b,1,Lobothyris,,,arcta,1,1,1,1,1
6.70,b,1,Lobothyris,,,arcta,1,1,1,1,1
6.70,b,1,Lobothyris,,,arcta,1,1,1,1,1
6.70,b,1,Lobothyris,,,arcta,1,1,1,1,1
6.70,b,1,Lobothyris,,,arcta,1,1,1,1,1
6.70,b,1,Lobothyris,,,arcta,1,1,1,1,1
6.70,b,1,Lobothyris,,,arcta,1,1,1,1,1
6.70,b,1,Lobothyris,,,arcta,1,1,1,1,1
6.70,b,1,Lobothyris,,,arcta,1,1,1,1,1
6.70,b,1,Lobothyris,,,arcta,1,1,1,1,1
6.70,b,1,Lobothyris,,,arcta,1,1,1,1,1
6.70,b,1,Lobothyris,,,arcta,1,1,1,1,1
6.70,b,1,Lobothyris,,,arcta,1,1,1,1,1
6.70,b,1,Lobothyris,,,arcta,1,1,1,1,1
6.70,b,1,Lobothyris,,,arcta,1,1,1,1,1
6.70,b,1,Lobothyris,,,arcta,1,1,1,1,1
6.70,b,1,Lobothyris,,,arcta,1,1,1,1,1
6.70,b,1,Lobothyris,,,arcta,1,1,1,1,1
6.70,b,1,Lobothyris,,,arcta,1,1,1,1,1
6.70,b,1,Lobothyris,,,arcta,1,1,1,1,1
6.70,b,1,Lobothyris,,,arcta,1,1,1,1,1
6.70,b,1,Lobothyris,,,arcta,1,1,1,1,1
6.70,b,1,Lobothyris,,,arcta,1,1,1,1,1
6.70,b,1,Lobothyris,,,subpunctata,1,1,1,1,1
6.70,b,1,Lobothyris,,,subpunctata,1,1,1,1,1
6.70,b,1,Lobothyris,,,subpunctata,1,1,1,1,1
6.70,b,1,Lobothyris,,,subpunctata,1,1,1,1,1
6.70,b,1,Lobothyris,,,subpunctata,1,1,1,1,1
6.70,b,1,Lobothyris,,,subpunctata,1,1,1,1,1
6.70,b,1,Lobothyris,,,subpunctata,1,1,1,1,1
6.70,b,1,Lobothyris,,,subpunctata,1,1,1,1,1
6.70,b,1,Lobothyris,,,subpunctata,1,1,1,1,1
6.70,b,1,Lobothyris,,,subpunctata,1,1,1,1,1
6.70,b,1,Lobothyris,,,subpunctata,1,1,1,1,1
6.70,b,1,Lobothyris,,,subpunctata,1,1,1,1,1
6.70,b,1,Lobothyris,,,subpunctata,1,1,1,1,1
6.70,b,1,Lobothyris,,,subpunctata,1,1,1,1,1
6.70,b,1,Lobothyris,,,subpunctata,1,1,1,1,1
6.70,b,1,Lobothyris,,,subpunctata,1,1,1,1,1
6.70,b,1,Lobothyris,,,subpunctata,1,1,1,1,1
6.70,b,1,Lobothyris,,,subpunctata,1,1,1,1,1
6.70,b,1,Lobothyris,,,subpunctata,1,1,1,1,1
6.70,b,1,Lobothyris,,,subpunctata,1,1,1,1,1
6.70,b,1,Lobothyris,,,subpunctata,1,1,1,1,1
6.70,b,1,Lobothyris,,,subpunctata,1,1,1,1,1
6.70,b,1,Lobothyris,,,subpunctata,1,1,1,1,1
6.70,b,2,Entolium,,,corneolum,5,2,1,1,1
6.70,b,2,Entolium,,,corneolum,5,2,1,1,1
6.70,b,2,Entolium,,,corneolum,5,2,1,1,1
6.70,b,2,Entolium,,,corneolum,5,2,1,1,1
6.70,b,2,Gryphaea,Bilobissa,,sublobata,4,1,1,1,1
6.70,b,2,Gryphaea,Bilobissa,,sublobata,4,1,1,1,1
6.70,b,2,Gryphaea,Bilobissa,,sublobata,4,1,1,1,1
6.70,b,2,Gryphaea,Bilobissa,,sublobata,4,1,1,1,1
6.70,b,2,Gryphaea,Bilobissa,,sublobata,4,1,1,1,1
6.70,b,2,Gryphaea,Bilobissa,,sublobata,4,1,1,1,1
6.70,b,2,Gryphaea,Bilobissa,,sublobata,4,1,1,1,1
6.70,b,2,Gryphaea,Bilobissa,,sublobata,4,1,1,1,1
6.70,b,2,Gryphaea,Bilobissa,,sublobata,4,1,1,1,1
6.70,b,2,Gryphaea,Bilobissa,,sublobata,4,1,1,1,1
6.70,b,2,Gryphaea,Bilobissa,,sublobata,4,1,1,1,1
6.70,b,2,Gryphaea,Bilobissa,,sublobata,4,1,1,1,1
6.70,b,2,Gryphaea,Bilobissa,,sublobata,4,1,1,1,1
6.70,b,2,Gryphaea,Bilobissa,,sublobata,4,1,1,1,1
6.70,b,2,Gryphaea,Bilobissa,,sublobata,4,1,1,1,1
6.70,b,2,Gryphaea,Bilobissa,,sublobata,4,1,1,1,1
6.70,b,2,Gryphaea,Bilobissa,,sublobata,4,1,1,1,1
6.70,b,2,Gryphaea,Bilobissa,,sublobata,4,1,1,1,1
6.70,b,2,Gryphaea,Bilobissa,,sublobata,4,1,1,1,1
6.70,b,2,Harpax,,,spinosa,3,1,1,1,1
6.70,b,2,Harpax,,,spinosa,3,1,1,1,1
6.70,b,2,Lycettia,,,lunularis,2,1,1,1,1
6.70,b,2,Placunopsis,,,radiata,3,1,1,1,1
6.70,b,2,Placunopsis,,,radiata,3,1,1,1,1
6.70,b,2,Pseudolimea,,,duplicata,2,1,1,1,1
6.70,b,2,Pseudolimea,,,duplicata,2,1,1,1,1
6.70,b,2,Pseudolimea,,,duplicata,2,1,1,1,1
6.70,b,2,Pseudolimea,,,duplicata,2,1,1,1,1
6.70,b,2,Pseudolimea,,cf.,roemeri,2,1,1,1,1
6.70,b,2,Pseudolimea,,cf.,roemeri,2,1,1,1,1
7.20,b,1,Lobothyris,,,arcta,1,1,1,1,1
7.20,b,1,Lobothyris,,,arcta,1,1,1,1,1
7.20,b,1,Lobothyris,,,arcta,1,1,1,1,1
7.20,b,1,Lobothyris,,,arcta,1,1,1,1,1
7.20,b,1,Lobothyris,,,arcta,1,1,1,1,1
7.20,b,1,Lobothyris,,,arcta,1,1,1,1,1
7.20,b,1,Lobothyris,,,arcta,1,1,1,1,1
7.20,b,1,Lobothyris,,,arcta,1,1,1,1,1
7.20,b,1,Lobothyris,,,arcta,1,1,1,1,1
7.20,b,1,Lobothyris,,,arcta,1,1,1,1,1
7.20,b,1,Lobothyris,,,arcta,1,1,1,1,1
7.20,b,1,Lobothyris,,,arcta,1,1,1,1,1
7.20,b,1,Lobothyris,,,arcta,1,1,1,1,1
7.20,b,1,Lobothyris,,,arcta,1,1,1,1,1
7.20,b,1,Lobothyris,,,arcta,1,1,1,1,1
7.20,b,1,Lobothyris,,,arcta,1,1,1,1,1
7.20,b,1,Lobothyris,,,arcta,1,1,1,1,1
7.20,b,1,Lobothyris,,,arcta,1,1,1,1,1
7.20,b,1,Lobothyris,,,arcta,1,1,1,1,1
7.20,b,1,Lobothyris,,,arcta,1,1,1,1,1
7.20,b,1,Lobothyris,,,arcta,1,1,1,1,1
7.20,b,1,Lobothyris,,,arcta,1,1,1,1,1
7.20,b,1,Lobothyris,,,arcta,1,1,1,1,1
7.20,b,1,Lobothyris,,,subpunctata,1,1,1,1,1
7.20,b,1,Lobothyris,,,subpunctata,1,1,1,1,1
7.20,b,1,Lobothyris,,,subpunctata,1,1,1,1,1
7.20,b,1,Lobothyris,,,subpunctata,1,1,1,1,1
7.20,b,1,Lobothyris,,,subpunctata,1,1,1,1,1
7.20,b,1,Lobothyris,,,subpunctata,1,1,1,1,1
7.20,b,1,Lobothyris,,,subpunctata,1,1,1,1,1
7.20,b,1,Lobothyris,,,subpunctata,1,1,1,1,1
7.20,b,1,Lobothyris,,,subpunctata,1,1,1,1,1
7.20,b,1,Lobothyris,,,subpunctata,1,1,1,1,1
7.20,b,1,Lobothyris,,,subpunctata,1,1,1,1,1
7.20,b,1,Lobothyris,,,subpunctata,1,1,1,1,1
7.20,b,1,Lobothyris,,,subpunctata,1,1,1,1,1
7.20,b,1,Lobothyris,,,subpunctata,1,1,1,1,1
7.20,b,1,Lobothyris,,,subpunctata,1,1,1,1,1
7.20,b,1,Lobothyris,,,subpunctata,1,1,1,1,1
7.20,b,1,Lobothyris,,,subpunctata,1,1,1,1,1
7.20,b,1,Lobothyris,,,subpunctata,1,1,1,1,1
7.20,b,1,Lobothyris,,,subpunctata,1,1,1,1,1
7.20,b,1,Lobothyris,,,subpunctata,1,1,1,1,1
7.20,b,1,Lobothyris,,,subpunctata,1,1,1,1,1
7.20,b,1,Lobothyris,,,subpunctata,1,1,1,1,1
7.20,b,1,Lobothyris,,,subpunctata,1,1,1,1,1
7.20,b,1,Lobothyris,,,subpunctata,1,1,1,1,1
7.20,b,1,Lobothyris,,,subpunctata,1,1,1,1,1
7.20,b,1,Lobothyris,,,subpunctata,1,1,1,1,1
7.20,b,1,Lobothyris,,,subpunctata,1,1,1,1,1
7.20,b,1,Lobothyris,,,subpunctata,1,1,1,1,1
7.20,b,1,Lobothyris,,,subpunctata,1,1,1,1,1
7.20,b,1,Lobothyris,,,subpunctata,1,1,1,1,1
7.20,b,1,Lobothyris,,,subpunctata,1,1,1,1,1
7.20,b,1,Lobothyris,,,subpunctata,1,1,1,1,1
7.20,b,1,Lobothyris,,,subpunctata,1,1,1,1,1
7.20,b,1,Lobothyris,,,subpunctata,1,1,1,1,1
7.20,b,1,Lobothyris,,,subpunctata,1,1,1,1,1
7.20,b,1,Lobothyris,,,subpunctata,1,1,1,1,1
7.20,b,1,Lobothyris,,,subpunctata,1,1,1,1,1
7.20,b,1,Lobothyris,,,subpunctata,1,1,1,1,1
7.20,b,1,Lobothyris,,,subpunctata,1,1,1,1,1
7.20,b,1,Lobothyris,,,subpunctata,1,1,1,1,1
7.20,b,1,Lobothyris,,,subpunctata,1,1,1,1,1
7.20,b,1,Lobothyris,,,subpunctata,1,1,1,1,1
7.20,b,1,Lobothyris,,,subpunctata,1,1,1,1,1
7.20,b,1,Lobothyris,,,subpunctata,1,1,1,1,1
7.20,b,1,Lobothyris,,,subpunctata,1,1,1,1,1
7.20,b,1,Lobothyris,,,subpunctata,1,1,1,1,1
7.20,b,1,Lobothyris,,,subpunctata,1,1,1,1,1
7.20,b,1,Lobothyris,,,subpunctata,1,1,1,1,1
7.20,b,1,Lobothyris,,,subpunctata,1,1,1,1,1
7.20,b,1,Lobothyris,,,subpunctata,1,1,1,1,1
7.20,b,1,Lobothyris,,,subpunctata,1,1,1,1,1
7.20,b,1,Lobothyris,,,subpunctata,1,1,1,1,1
7.20,b,1,Lobothyris,,,subpunctata,1,1,1,1,1
7.20,b,1,Lobothyris,,,subpunctata,1,1,1,1,1
7.20,b,1,Lobothyris,,,subpunctata,1,1,1,1,1
7.20,b,1,Lobothyris,,,subpunctata,1,1,1,1,1
7.20,b,1,Lobothyris,,,subpunctata,1,1,1,1,1
7.20,b,1,Lobothyris,,,subpunctata,1,1,1,1,1
7.20,b,1,Lobothyris,,,subpunctata,1,1,1,1,1
7.20,b,1,Lobothyris,,,subpunctata,1,1,1,1,1
7.20,b,1,Lobothyris,,,subpunctata,1,1,1,1,1
7.20,b,1,Lobothyris,,,subpunctata,1,1,1,1,1
7.20,b,1,Lobothyris,,,subpunctata,1,1,1,1,1
7.20,b,1,Lobothyris,,,subpunctata,1,1,1,1,1
7.20,b,1,Lobothyris,,,subpunctata,1,1,1,1,1
7.20,b,1,Lobothyris,,,subpunctata,1,1,1,1,1
7.20,b,1,Lobothyris,,,subpunctata,1,1,1,1,1
7.20,b,1,Lobothyris,,,subpunctata,1,1,1,1,1
7.20,b,2,Entolium,,,corneolum,5,2,1,1,1
7.20,b,2,Entolium,,,corneolum,5,2,1,1,1
7.20,b,2,Entolium,,,corneolum,5,2,1,1,1
7.20,b,2,Entolium,,,corneolum,5,2,1,1,1
7.20,b,2,Entolium,,,corneolum,5,2,1,1,1
7.20,b,2,Entolium,,,corneolum,5,2,1,1,1
7.20,b,2,Plagiostoma,,,giganteum,4,1,1,1,1
7.20,b,2,Pseudopecten,Pseudopecten,,dentatus,5,2,1,1,1
7.20,b,2,Pseudopecten,Pseudopecten,,dentatus,5,2,1,1,1
7.20,b,2,Pseudopecten,Pseudopecten,,dentatus,5,2,1,1,1
7.20,b,2,Weyla,Weyla,,pradoana,4,1,1,1,1
7.20,b,2,Weyla,Weyla,,pradoana,4,1,1,1,1
7.20,b,2,Weyla,Weyla,,pradoana,4,1,1,1,1
7.80,b,1,Liospiriferina,,,falloti,1,1,1,1,1
7.80,b,2,Camptonectes,Camptonectes,,subulatus,6,2,1,1,1
7.80,b,2,Camptonectes,Camptonectes,,subulatus,6,2,1,1,1
7.80,b,2,Camptonectes,Camptonectes,,subulatus,6,2,1,1,1
7.80,b,2,Camptonectes,Camptonectes,,subulatus,6,2,1,1,1
7.80,b,2,Entolium,,,corneolum,5,2,1,1,1
7.80,b,2,Entolium,,,corneolum,5,2,1,1,1
7.80,b,2,Entolium,,,corneolum,5,2,1,1,1
7.80,b,2,Entolium,,,corneolum,5,2,1,1,1
7.80,b,2,Entolium,,,corneolum,5,2,1,1,1
7.80,b,2,Entolium,,,corneolum,5,2,1,1,1
7.80,b,2,Entolium,,,corneolum,5,2,1,1,1
7.80,b,2,Entolium,,,corneolum,5,2,1,1,1
7.80,b,2,Gryphaea,Gryphaea,cf.,dumortieri,4,1,1,1,1
7.80,b,2,Gryphaea,Gryphaea,cf.,dumortieri,4,1,1,1,1
7.80,b,2,Gryphaea,Gryphaea,cf.,dumortieri,4,1,1,1,1
7.80,b,2,Gryphaea,Gryphaea,cf.,dumortieri,4,1,1,1,1
7.80,b,2,Gryphaea,Gryphaea,cf.,dumortieri,4,1,1,1,1
7.80,b,2,Gryphaea,Gryphaea,cf.,dumortieri,4,1,1,1,1
7.80,b,2,Gryphaea,Gryphaea,cf.,dumortieri,4,1,1,1,1
7.80,b,2,Gryphaea,Gryphaea,cf.,dumortieri,4,1,1,1,1
7.80,b,2,Gryphaea,Gryphaea,cf.,dumortieri,4,1,1,1,1
7.80,b,2,Gryphaea,Gryphaea,cf.,dumortieri,4,1,1,1,1
7.80,b,2,Gryphaea,Gryphaea,cf.,dumortieri,4,1,1,1,1
7.80,b,2,Gryphaea,Gryphaea,cf.,dumortieri,4,1,1,1,1
7.80,b,2,Harpax,,,auricola,3,1,1,1,1
7.80,b,2,Harpax,,,auricola,3,1,1,1,1
7.80,b,2,Harpax,,,auricola,3,1,1,1,1
7.80,b,2,Harpax,,,auricola,3,1,1,1,1
7.80,b,2,Plagiostoma,,,giganteum,4,1,1,1,1
7.80,b,2,Pseudopecten,Pseudopecten,,dentatus,5,2,1,1,1
7.80,b,2,Pseudopecten,Pseudopecten,,dentatus,5,2,1,1,1
7.80,b,3,Ampullospira,,,sp.,7,2,4,2,1
7.80,b,3,Katosira,,,sp. A,7,2,4,2,1
7.80,b,3,Katosira,,,sp. A,7,2,4,2,1
7.80,b,3,Lamelliphorus,,,heliacus,7,2,4,2,1
7.80,b,3,Lamelliphorus,,,heliacus,7,2,4,2,1
7.80,b,3,Neritopsis,,,sp.,7,2,4,2,1
8.40,b,1,Quadratirhynchia,,,attenuata,1,1,1,1,1
8.40,b,1,Quadratirhynchia,,,attenuata,1,1,1,1,1
8.40,b,1,Quadratirhynchia,,,attenuata,1,1,1,1,1
8.40,b,1,Quadratirhynchia,,,attenuata,1,1,1,1,1
8.40,b,1,Quadratirhynchia,,,attenuata,1,1,1,1,1
8.40,b,1,Quadratirhynchia,,,attenuata,1,1,1,1,1
8.40,b,1,Quadratirhynchia,,,attenuata,1,1,1,1,1
8.40,b,1,Quadratirhynchia,,,attenuata,1,1,1,1,1
8.40,b,1,Quadratirhynchia,,,attenuata,1,1,1,1,1
8.40,b,1,Quadratirhynchia,,,attenuata,1,1,1,1,1
8.40,b,1,Quadratirhynchia,,,attenuata,1,1,1,1,1
8.40,b,1,Quadratirhynchia,,,attenuata,1,1,1,1,1
8.40,b,1,Quadratirhynchia,,,attenuata,1,1,1,1,1
8.40,b,1,Quadratirhynchia,,,attenuata,1,1,1,1,1
8.40,b,1,Quadratirhynchia,,,attenuata,1,1,1,1,1
8.40,b,1,Quadratirhynchia,,,attenuata,1,1,1,1,1
8.40,b,1,Quadratirhynchia,,,attenuata,1,1,1,1,1
8.40,b,1,Quadratirhynchia,,,attenuata,1,1,1,1,1
8.40,b,1,Quadratirhynchia,,,attenuata,1,1,1,1,1
8.40,b,1,Quadratirhynchia,,,attenuata,1,1,1,1,1
8.40,b,1,Quadratirhynchia,,,attenuata,1,1,1,1,1
8.40,b,1,Quadratirhynchia,,,attenuata,1,1,1,1,1
8.40,b,1,Quadratirhynchia,,,attenuata,1,1,1,1,1
8.40,b,1,Quadratirhynchia,,,attenuata,1,1,1,1,1
8.40,b,1,Quadratirhynchia,,,attenuata,1,1,1,1,1
8.40,b,1,Quadratirhynchia,,,attenuata,1,1,1,1,1
8.40,b,1,Quadratirhynchia,,,attenuata,1,1,1,1,1
8.40,b,1,Quadratirhynchia,,,attenuata,1,1,1,1,1
8.40,b,1,Quadratirhynchia,,,attenuata,1,1,1,1,1
8.40,b,1,Quadratirhynchia,,,attenuata,1,1,1,1,1
8.40,b,1,Quadratirhynchia,,,attenuata,1,1,1,1,1
8.40,b,1,Quadratirhynchia,,,attenuata,1,1,1,1,1
8.40,b,1,Quadratirhynchia,,,attenuata,1,1,1,1,1
8.40,b,1,Quadratirhynchia,,,attenuata,1,1,1,1,1
8.40,b,1,Quadratirhynchia,,,attenuata,1,1,1,1,1
8.40,b,1,Quadratirhynchia,,,attenuata,1,1,1,1,1
8.40,b,1,Quadratirhynchia,,,attenuata,1,1,1,1,1
8.40,b,1,Quadratirhynchia,,,attenuata,1,1,1,1,1
8.40,b,1,Quadratirhynchia,,,attenuata,1,1,1,1,1
8.40,b,1,Quadratirhynchia,,,attenuata,1,1,1,1,1
8.40,b,1,Quadratirhynchia,,,attenuata,1,1,1,1,1
8.40,b,1,Quadratirhynchia,,,attenuata,1,1,1,1,1
8.40,b,1,Quadratirhynchia,,,attenuata,1,1,1,1,1
8.40,b,1,Quadratirhynchia,,,attenuata,1,1,1,1,1
8.40,b,1,Quadratirhynchia,,,attenuata,1,1,1,1,1
8.40,b,1,Quadratirhynchia,,,attenuata,1,1,1,1,1
8.40,b,1,Quadratirhynchia,,,attenuata,1,1,1,1,1
8.40,b,1,Quadratirhynchia,,,attenuata,1,1,1,1,1
8.40,b,1,Quadratirhynchia,,,attenuata,1,1,1,1,1
8.40,b,1,Quadratirhynchia,,,attenuata,1,1,1,1,1
8.40,b,1,Quadratirhynchia,,,attenuata,1,1,1,1,1
8.40,b,1,Quadratirhynchia,,,attenuata,1,1,1,1,1
8.40,b,1,Quadratirhynchia,,,attenuata,1,1,1,1,1
8.40,b,1,Quadratirhynchia,,,attenuata,1,1,1,1,1
8.40,b,1,Quadratirhynchia,,,attenuata,1,1,1,1,1
8.40,b,1,Quadratirhynchia,,,attenuata,1,1,1,1,1
8.40,b,1,Quadratirhynchia,,,attenuata,1,1,1,1,1
8.40,b,1,Quadratirhynchia,,,attenuata,1,1,1,1,1
8.40,b,1,Quadratirhynchia,,,attenuata,1,1,1,1,1
8.40,b,1,Quadratirhynchia,,,attenuata,1,1,1,1,1
8.40,b,1,Quadratirhynchia,,,attenuata,1,1,1,1,1
8.40,b,1,Quadratirhynchia,,,attenuata,1,1,1,1,1
8.40,b,1,Quadratirhynchia,,,attenuata,1,1,1,1,1
8.40,b,1,Quadratirhynchia,,,attenuata,1,1,1,1,1
8.40,b,1,Quadratirhynchia,,,attenuata,1,1,1,1,1
8.40,b,1,Quadratirhynchia,,,attenuata,1,1,1,1,1
8.40,b,1,Quadratirhynchia,,,attenuata,1,1,1,1,1
8.40,b,1,Quadratirhynchia,,,attenuata,1,1,1,1,1
8.40,b,1,Quadratirhynchia,,,attenuata,1,1,1,1,1
8.40,b,1,Quadratirhynchia,,,attenuata,1,1,1,1,1
8.40,b,1,Quadratirhynchia,,,attenuata,1,1,1,1,1
8.40,b,1,Quadratirhynchia,,,attenuata,1,1,1,1,1
8.40,b,1,Quadratirhynchia,,,attenuata,1,1,1,1,1
8.40,b,1,Quadratirhynchia,,,attenuata,1,1,1,1,1
8.40,b,1,Quadratirhynchia,,,attenuata,1,1,1,1,1
8.40,b,1,Quadratirhynchia,,,attenuata,1,1,1,1,1
8.40,b,1,Quadratirhynchia,,,attenuata,1,1,1,1,1
8.40,b,1,Quadratirhynchia,,,attenuata,1,1,1,1,1
8.40,b,1,Quadratirhynchia,,,attenuata,1,1,1,1,1
8.40,b,1,Quadratirhynchia,,,attenuata,1,1,1,1,1
8.40,b,1,Quadratirhynchia,,,attenuata,1,1,1,1,1
8.40,b,2,Camptonectes,Camptonectes,,auritus,6,2,1,1,1
8.40,b,2,Camptonectes,Camptonectes,,auritus,6,2,1,1,1
8.40,b,2,Camptonectes,Camptonectes,,auritus,6,2,1,1,1
8.40,b,2,Camptonectes,Camptonectes,,auritus,6,2,1,1,1
8.40,b,2,Camptonectes,Camptonectes,,auritus,6,2,1,1,1
8.40,b,2,Camptonectes,Camptonectes,,auritus,6,2,1,1,1
8.40,b,2,Camptonectes,Camptonectes,,auritus,6,2,1,1,1
8.40,b,2,Camptonectes,Camptonectes,,auritus,6,2,1,1,1
8.40,b,2,Camptonectes,Camptonectes,,subulatus,6,2,1,1,1
8.40,b,2,Grammatodon,Grammatodon,,concinnus,6,2,1,1,1
8.40,b,2,Gryphaea,Gryphaea,cf.,dumortieri,4,1,1,1,1
8.40,b,2,Harpax,,,auricola,3,1,1,1,1
8.40,b,2,Liostrea,,,sp.,3,1,1,1,1
8.40,b,2,Liostrea,,,sp.,3,1,1,1,1
8.40,b,2,Liostrea,,,sp.,3,1,1,1,1
8.40,b,2,Liostrea,,,sp.,3,1,1,1,1
8.40,b,2,Liostrea,,,sp.,3,1,1,1,1
8.40,b,2,Liostrea,,,sp.,3,1,1,1,1
8.40,b,2,Liostrea,,,sp.,3,1,1,1,1
8.40,b,2,Liostrea,,,sp.,3,1,1,1,1
8.40,b,2,Parvamussium,,,pumilum,5,2,5,2,1
8.40,b,2,Parvamussium,,,pumilum,5,2,5,2,1
8.40,b,2,Pseudopecten,Pseudopecten,,dentatus,5,2,1,1,1
8.40,b,3,Ampullospira,,,sp.,7,2,4,2,1
8.70,b,1,Soaresirhynchia,,,bouchardi,1,1,1,1,1
8.70,b,1,Soaresirhynchia,,,bouchardi,1,1,1,1,1
8.70,b,1,Soaresirhynchia,,,bouchardi,1,1,1,1,1
8.70,b,1,Soaresirhynchia,,,bouchardi,1,1,1,1,1
8.70,b,1,Soaresirhynchia,,,bouchardi,1,1,1,1,1
8.70,b,1,Soaresirhynchia,,,bouchardi,1,1,1,1,1
8.70,b,1,Soaresirhynchia,,,bouchardi,1,1,1,1,1
8.70,b,1,Soaresirhynchia,,,bouchardi,1,1,1,1,1
8.70,b,1,Soaresirhynchia,,,bouchardi,1,1,1,1,1
8.70,b,1,Soaresirhynchia,,,bouchardi,1,1,1,1,1
8.70,b,1,Soaresirhynchia,,,bouchardi,1,1,1,1,1
8.70,b,1,Soaresirhynchia,,,bouchardi,1,1,1,1,1
8.70,b,2,Camptonectes,Camptonectes,,auritus,6,2,1,1,1
8.70,b,2,Camptonectes,Camptonectes,,auritus,6,2,1,1,1
8.70,b,2,Camptonectes,Camptonectes,,auritus,6,2,1,1,1
8.70,b,2,Camptonectes,Camptonectes,,auritus,6,2,1,1,1
8.70,b,2,Camptonectes,Camptonectes,,auritus,6,2,1,1,1
8.70,b,2,Camptonectes,Camptonectes,,auritus,6,2,1,1,1
8.70,b,2,Camptonectes,Camptonectes,,auritus,6,2,1,1,1
8.70,b,2,Camptonectes,Camptonectes,,auritus,6,2,1,1,1
8.70,b,2,Camptonectes,Camptonectes,,subulatus,6,2,1,1,1
8.70,b,2,Camptonectes,Camptonectes,,subulatus,6,2,1,1,1
8.70,b,2,Gryphaea,Gryphaea,cf.,dumortieri,4,1,1,1,1
8.70,b,2,Parvamussium,,,pumilum,5,2,5,2,1
8.70,b,2,Parvamussium,,,pumilum,5,2,5,2,1
8.70,b,2,Parvamussium,,,pumilum,5,2,5,2,1
8.90,b,1,Soaresirhynchia,,,bouchardi,1,1,1,1,1
8.90,b,1,Soaresirhynchia,,,bouchardi,1,1,1,1,1
8.90,b,1,Soaresirhynchia,,,bouchardi,1,1,1,1,1
8.90,b,1,Soaresirhynchia,,,bouchardi,1,1,1,1,1
8.90,b,1,Soaresirhynchia,,,bouchardi,1,1,1,1,1
8.90,b,1,Soaresirhynchia,,,bouchardi,1,1,1,1,1
8.90,b,1,Soaresirhynchia,,,bouchardi,1,1,1,1,1
8.90,b,1,Soaresirhynchia,,,bouchardi,1,1,1,1,1
8.90,b,1,Soaresirhynchia,,,bouchardi,1,1,1,1,1
8.90,b,1,Soaresirhynchia,,,bouchardi,1,1,1,1,1
8.90,b,1,Soaresirhynchia,,,bouchardi,1,1,1,1,1
8.90,b,1,Soaresirhynchia,,,bouchardi,1,1,1,1,1
8.90,b,1,Soaresirhynchia,,,bouchardi,1,1,1,1,1
8.90,b,1,Soaresirhynchia,,,bouchardi,1,1,1,1,1
8.90,b,1,Soaresirhynchia,,,bouchardi,1,1,1,1,1
8.90,b,1,Soaresirhynchia,,,bouchardi,1,1,1,1,1
8.90,b,1,Soaresirhynchia,,,bouchardi,1,1,1,1,1
8.90,b,1,Soaresirhynchia,,,bouchardi,1,1,1,1,1
8.90,b,1,Soaresirhynchia,,,bouchardi,1,1,1,1,1
8.90,b,1,Soaresirhynchia,,,bouchardi,1,1,1,1,1
8.90,b,1,Soaresirhynchia,,,bouchardi,1,1,1,1,1
8.90,b,1,Soaresirhynchia,,,bouchardi,1,1,1,1,1
8.90,b,1,Soaresirhynchia,,,bouchardi,1,1,1,1,1
8.90,b,1,Soaresirhynchia,,,bouchardi,1,1,1,1,1
8.90,b,1,Soaresirhynchia,,,bouchardi,1,1,1,1,1
8.90,b,1,Soaresirhynchia,,,bouchardi,1,1,1,1,1
8.90,b,1,Soaresirhynchia,,,bouchardi,1,1,1,1,1
8.90,b,1,Soaresirhynchia,,,bouchardi,1,1,1,1,1
8.90,b,1,Soaresirhynchia,,,bouchardi,1,1,1,1,1
8.90,b,1,Soaresirhynchia,,,bouchardi,1,1,1,1,1
8.90,b,1,Soaresirhynchia,,,bouchardi,1,1,1,1,1
8.90,b,1,Soaresirhynchia,,,bouchardi,1,1,1,1,1
8.90,b,1,Soaresirhynchia,,,bouchardi,1,1,1,1,1
8.90,b,1,Soaresirhynchia,,,bouchardi,1,1,1,1,1
8.90,b,1,Soaresirhynchia,,,bouchardi,1,1,1,1,1
8.90,b,1,Soaresirhynchia,,,bouchardi,1,1,1,1,1
8.90,b,1,Soaresirhynchia,,,bouchardi,1,1,1,1,1
8.90,b,1,Soaresirhynchia,,,bouchardi,1,1,1,1,1
8.90,b,1,Soaresirhynchia,,,bouchardi,1,1,1,1,1
8.90,b,1,Soaresirhynchia,,,bouchardi,1,1,1,1,1
8.90,b,1,Soaresirhynchia,,,bouchardi,1,1,1,1,1
8.90,b,1,Soaresirhynchia,,,bouchardi,1,1,1,1,1
8.90,b,1,Soaresirhynchia,,,bouchardi,1,1,1,1,1
8.90,b,1,Soaresirhynchia,,,bouchardi,1,1,1,1,1
8.90,b,1,Soaresirhynchia,,,bouchardi,1,1,1,1,1
8.90,b,1,Soaresirhynchia,,,bouchardi,1,1,1,1,1
8.90,b,1,Soaresirhynchia,,,bouchardi,1,1,1,1,1
8.90,b,1,Soaresirhynchia,,,bouchardi,1,1,1,1,1
8.90,b,1,Soaresirhynchia,,,bouchardi,1,1,1,1,1
8.90,b,1,Soaresirhynchia,,,bouchardi,1,1,1,1,1
8.90,b,1,Soaresirhynchia,,,bouchardi,1,1,1,1,1
8.90,b,1,Soaresirhynchia,,,bouchardi,1,1,1,1,1
8.90,b,1,Soaresirhynchia,,,bouchardi,1,1,1,1,1
8.90,b,1,Soaresirhynchia,,,bouchardi,1,1,1,1,1
8.90,b,1,Soaresirhynchia,,,bouchardi,1,1,1,1,1
8.90,b,1,Soaresirhynchia,,,bouchardi,1,1,1,1,1
8.90,b,1,Soaresirhynchia,,,bouchardi,1,1,1,1,1
8.90,b,1,Soaresirhynchia,,,bouchardi,1,1,1,1,1
8.90,b,1,Soaresirhynchia,,,bouchardi,1,1,1,1,1
8.90,b,1,Soaresirhynchia,,,bouchardi,1,1,1,1,1
8.90,b,1,Soaresirhynchia,,,bouchardi,1,1,1,1,1
8.90,b,1,Soaresirhynchia,,,bouchardi,1,1,1,1,1
8.90,b,1,Soaresirhynchia,,,bouchardi,1,1,1,1,1
8.90,b,1,Soaresirhynchia,,,bouchardi,1,1,1,1,1
8.90,b,1,Soaresirhynchia,,,bouchardi,1,1,1,1,1
8.90,b,1,Soaresirhynchia,,,bouchardi,1,1,1,1,1
8.90,b,1,Soaresirhynchia,,,bouchardi,1,1,1,1,1
8.90,b,1,Soaresirhynchia,,,bouchardi,1,1,1,1,1
8.90,b,1,Soaresirhynchia,,,bouchardi,1,1,1,1,1
8.90,b,1,Soaresirhynchia,,,bouchardi,1,1,1,1,1
8.90,b,1,Soaresirhynchia,,,bouchardi,1,1,1,1,1
8.90,b,1,Soaresirhynchia,,,bouchardi,1,1,1,1,1
8.90,b,1,Soaresirhynchia,,,bouchardi,1,1,1,1,1
8.90,b,1,Soaresirhynchia,,,bouchardi,1,1,1,1,1
8.90,b,1,Soaresirhynchia,,,bouchardi,1,1,1,1,1
8.90,b,1,Soaresirhynchia,,,bouchardi,1,1,1,1,1
8.90,b,1,Soaresirhynchia,,,bouchardi,1,1,1,1,1
8.90,b,1,Soaresirhynchia,,,bouchardi,1,1,1,1,1
8.90,b,1,Soaresirhynchia,,,bouchardi,1,1,1,1,1
8.90,b,1,Soaresirhynchia,,,bouchardi,1,1,1,1,1
8.90,b,1,Soaresirhynchia,,,bouchardi,1,1,1,1,1
8.90,b,1,Soaresirhynchia,,,bouchardi,1,1,1,1,1
8.90,b,1,Soaresirhynchia,,,bouchardi,1,1,1,1,1
8.90,b,1,Soaresirhynchia,,,bouchardi,1,1,1,1,1
8.90,b,1,Soaresirhynchia,,,bouchardi,1,1,1,1,1
8.90,b,1,Soaresirhynchia,,,bouchardi,1,1,1,1,1
8.90,b,1,Soaresirhynchia,,,bouchardi,1,1,1,1,1
8.90,b,1,Soaresirhynchia,,,bouchardi,1,1,1,1,1
8.90,b,1,Soaresirhynchia,,,bouchardi,1,1,1,1,1
8.90,b,1,Soaresirhynchia,,,bouchardi,1,1,1,1,1
8.90,b,1,Soaresirhynchia,,,bouchardi,1,1,1,1,1
8.90,b,1,Soaresirhynchia,,,bouchardi,1,1,1,1,1
8.90,b,1,Soaresirhynchia,,,bouchardi,1,1,1,1,1
8.90,b,1,Soaresirhynchia,,,bouchardi,1,1,1,1,1
8.90,b,1,Soaresirhynchia,,,bouchardi,1,1,1,1,1
8.90,b,1,Soaresirhynchia,,,bouchardi,1,1,1,1,1
8.90,b,1,Soaresirhynchia,,,bouchardi,1,1,1,1,1
8.90,b,1,Soaresirhynchia,,,bouchardi,1,1,1,1,1
8.90,b,1,Soaresirhynchia,,,bouchardi,1,1,1,1,1
8.90,b,1,Soaresirhynchia,,,bouchardi,1,1,1,1,1
8.90,b,1,Soaresirhynchia,,,bouchardi,1,1,1,1,1
8.90,b,1,Soaresirhynchia,,,bouchardi,1,1,1,1,1
8.90,b,1,Soaresirhynchia,,,bouchardi,1,1,1,1,1
8.90,b,1,Soaresirhynchia,,,bouchardi,1,1,1,1,1
8.90,b,1,Soaresirhynchia,,,bouchardi,1,1,1,1,1
8.90,b,1,Soaresirhynchia,,,bouchardi,1,1,1,1,1
8.90,b,1,Soaresirhynchia,,,bouchardi,1,1,1,1,1
8.90,b,1,Soaresirhynchia,,,bouchardi,1,1,1,1,1
8.90,b,1,Soaresirhynchia,,,bouchardi,1,1,1,1,1
8.90,b,1,Soaresirhynchia,,,bouchardi,1,1,1,1,1
8.90,b,1,Soaresirhynchia,,,bouchardi,1,1,1,1,1
8.90,b,1,Soaresirhynchia,,,bouchardi,1,1,1,1,1
8.90,b,1,Soaresirhynchia,,,bouchardi,1,1,1,1,1
8.90,b,1,Soaresirhynchia,,,bouchardi,1,1,1,1,1
8.90,b,1,Soaresirhynchia,,,bouchardi,1,1,1,1,1
8.90,b,1,Soaresirhynchia,,,bouchardi,1,1,1,1,1
8.90,b,1,Soaresirhynchia,,,bouchardi,1,1,1,1,1
8.90,b,1,Soaresirhynchia,,,bouchardi,1,1,1,1,1
8.90,b,1,Soaresirhynchia,,,bouchardi,1,1,1,1,1
8.90,b,1,Soaresirhynchia,,,bouchardi,1,1,1,1,1
8.90,b,1,Soaresirhynchia,,,bouchardi,1,1,1,1,1
8.90,b,1,Soaresirhynchia,,,bouchardi,1,1,1,1,1
8.90,b,1,Soaresirhynchia,,,bouchardi,1,1,1,1,1
8.90,b,1,Soaresirhynchia,,,bouchardi,1,1,1,1,1
8.90,b,1,Soaresirhynchia,,,bouchardi,1,1,1,1,1
8.90,b,1,Soaresirhynchia,,,bouchardi,1,1,1,1,1
8.90,b,1,Soaresirhynchia,,,bouchardi,1,1,1,1,1
8.90,b,1,Soaresirhynchia,,,bouchardi,1,1,1,1,1
8.90,b,1,Soaresirhynchia,,,bouchardi,1,1,1,1,1
8.90,b,1,Soaresirhynchia,,,bouchardi,1,1,1,1,1
8.90,b,1,Soaresirhynchia,,,bouchardi,1,1,1,1,1
8.90,b,1,Soaresirhynchia,,,bouchardi,1,1,1,1,1
8.90,b,1,Soaresirhynchia,,,bouchardi,1,1,1,1,1
8.90,b,1,Soaresirhynchia,,,bouchardi,1,1,1,1,1
8.90,b,1,Soaresirhynchia,,,bouchardi,1,1,1,1,1
8.90,b,1,Soaresirhynchia,,,bouchardi,1,1,1,1,1
8.90,b,1,Soaresirhynchia,,aff.,flamandi,1,1,1,1,1
8.90,b,2,Entolium,,,corneolum,5,2,1,1,1
8.90,b,2,Entolium,,,corneolum,5,2,1,1,1
8.90,b,2,Entolium,,,corneolum,5,2,1,1,1
8.90,b,2,Entolium,,,corneolum,5,2,1,1,1
8.90,b,2,Entolium,,,corneolum,5,2,1,1,1
8.90,b,2,Entolium,,,corneolum,5,2,1,1,1
8.90,b,2,Gryphaea,Gryphaea,cf.,dumortieri,4,1,1,1,1
8.90,b,2,Gryphaea,Gryphaea,cf.,dumortieri,4,1,1,1,1
8.90,b,2,Gryphaea,Gryphaea,cf.,dumortieri,4,1,1,1,1
8.90,b,2,Gryphaea,Gryphaea,cf.,dumortieri,4,1,1,1,1
8.90,b,2,Gryphaea,Gryphaea,cf.,dumortieri,4,1,1,1,1
8.90,b,2,Gryphaea,Gryphaea,cf.,dumortieri,4,1,1,1,1
8.90,b,2,Gryphaea,Gryphaea,cf.,dumortieri,4,1,1,1,1
8.90,b,2,Gryphaea,Gryphaea,cf.,dumortieri,4,1,1,1,1
8.90,b,2,Gryphaea,Gryphaea,cf.,dumortieri,4,1,1,1,1
8.90,b,2,Gryphaea,Gryphaea,cf.,dumortieri,4,1,1,1,1
8.90,b,2,Gryphaea,Gryphaea,cf.,dumortieri,4,1,1,1,1
8.90,b,2,Gryphaea,Gryphaea,cf.,dumortieri,4,1,1,1,1
8.90,b,2,Gryphaea,Gryphaea,cf.,dumortieri,4,1,1,1,1
8.90,b,2,Gryphaea,Gryphaea,cf.,dumortieri,4,1,1,1,1
8.90,b,2,Gryphaea,Gryphaea,cf.,dumortieri,4,1,1,1,1
8.90,b,2,Gryphaea,Gryphaea,cf.,dumortieri,4,1,1,1,1
8.90,b,2,Gryphaea,Gryphaea,cf.,dumortieri,4,1,1,1,1
8.90,b,2,Gryphaea,Gryphaea,cf.,dumortieri,4,1,1,1,1
8.90,b,2,Gryphaea,Gryphaea,cf.,dumortieri,4,1,1,1,1
8.90,b,2,Gryphaea,Gryphaea,cf.,dumortieri,4,1,1,1,1
8.90,b,2,Harpax,,,auricola,3,1,1,1,1
8.90,b,2,Harpax,,,auricola,3,1,1,1,1
8.90,b,2,Harpax,,,auricola,3,1,1,1,1
8.90,b,2,Harpax,,,spinosa,3,1,1,1,1
8.90,b,2,Harpax,,,spinosa,3,1,1,1,1
8.90,b,2,Harpax,,,spinosa,3,1,1,1,1
8.90,b,2,Parvamussium,,,pumilum,5,2,5,2,1
8.90,b,2,Parvamussium,,,pumilum,5,2,5,2,1
8.90,b,2,Parvamussium,,,pumilum,5,2,5,2,1
8.90,b,2,Parvamussium,,,pumilum,5,2,5,2,1
8.90,b,2,Parvamussium,,,pumilum,5,2,5,2,1
8.90,b,2,Parvamussium,,,pumilum,5,2,5,2,1
8.90,b,2,Parvamussium,,,pumilum,5,2,5,2,1
8.90,b,2,Pseudolimea,,,duplicata,2,1,1,1,1
8.90,b,2,Pseudolimea,,,duplicata,2,1,1,1,1
9.40,b,1,Soaresirhynchia,,,bouchardi,1,1,1,1,1
9.40,b,1,Soaresirhynchia,,,bouchardi,1,1,1,1,1
9.40,b,1,Soaresirhynchia,,,bouchardi,1,1,1,1,1
9.40,b,1,Soaresirhynchia,,,bouchardi,1,1,1,1,1
9.40,b,1,Soaresirhynchia,,,bouchardi,1,1,1,1,1
9.40,b,1,Soaresirhynchia,,,bouchardi,1,1,1,1,1
9.40,b,1,Soaresirhynchia,,,bouchardi,1,1,1,1,1
9.40,b,1,Soaresirhynchia,,,bouchardi,1,1,1,1,1
9.40,b,1,Soaresirhynchia,,,bouchardi,1,1,1,1,1
9.40,b,1,Soaresirhynchia,,,bouchardi,1,1,1,1,1
9.40,b,1,Soaresirhynchia,,,bouchardi,1,1,1,1,1
9.40,b,1,Soaresirhynchia,,,bouchardi,1,1,1,1,1
9.40,b,1,Soaresirhynchia,,,bouchardi,1,1,1,1,1
9.40,b,1,Soaresirhynchia,,,bouchardi,1,1,1,1,1
9.40,b,1,Soaresirhynchia,,,bouchardi,1,1,1,1,1
9.40,b,1,Soaresirhynchia,,,bouchardi,1,1,1,1,1
9.40,b,1,Soaresirhynchia,,,bouchardi,1,1,1,1,1
9.40,b,1,Soaresirhynchia,,,bouchardi,1,1,1,1,1
9.40,b,1,Soaresirhynchia,,,bouchardi,1,1,1,1,1
9.40,b,1,Soaresirhynchia,,,bouchardi,1,1,1,1,1
9.40,b,1,Soaresirhynchia,,,bouchardi,1,1,1,1,1
9.40,b,1,Soaresirhynchia,,,bouchardi,1,1,1,1,1
9.40,b,1,Soaresirhynchia,,,bouchardi,1,1,1,1,1
9.40,b,1,Soaresirhynchia,,,bouchardi,1,1,1,1,1
9.40,b,1,Soaresirhynchia,,,bouchardi,1,1,1,1,1
9.40,b,1,Soaresirhynchia,,,bouchardi,1,1,1,1,1
9.40,b,1,Soaresirhynchia,,,bouchardi,1,1,1,1,1
9.40,b,1,Soaresirhynchia,,,bouchardi,1,1,1,1,1
9.40,b,1,Soaresirhynchia,,,bouchardi,1,1,1,1,1
9.40,b,1,Soaresirhynchia,,,bouchardi,1,1,1,1,1
9.40,b,1,Soaresirhynchia,,,bouchardi,1,1,1,1,1
9.40,b,1,Soaresirhynchia,,,bouchardi,1,1,1,1,1
9.40,b,1,Soaresirhynchia,,,bouchardi,1,1,1,1,1
9.40,b,1,Soaresirhynchia,,,bouchardi,1,1,1,1,1
9.40,b,1,Soaresirhynchia,,,bouchardi,1,1,1,1,1
9.40,b,1,Soaresirhynchia,,,bouchardi,1,1,1,1,1
9.40,b,1,Soaresirhynchia,,,bouchardi,1,1,1,1,1
9.40,b,1,Soaresirhynchia,,,bouchardi,1,1,1,1,1
9.40,b,1,Soaresirhynchia,,,bouchardi,1,1,1,1,1
9.40,b,1,Soaresirhynchia,,,bouchardi,1,1,1,1,1
9.40,b,1,Soaresirhynchia,,,bouchardi,1,1,1,1,1
9.40,b,1,Soaresirhynchia,,,bouchardi,1,1,1,1,1
9.40,b,1,Soaresirhynchia,,,bouchardi,1,1,1,1,1
9.40,b,1,Soaresirhynchia,,,bouchardi,1,1,1,1,1
9.40,b,1,Soaresirhynchia,,,bouchardi,1,1,1,1,1
9.40,b,1,Soaresirhynchia,,,bouchardi,1,1,1,1,1
9.40,b,1,Soaresirhynchia,,,bouchardi,1,1,1,1,1
9.40,b,1,Soaresirhynchia,,,bouchardi,1,1,1,1,1
9.40,b,1,Soaresirhynchia,,,bouchardi,1,1,1,1,1
9.40,b,1,Soaresirhynchia,,,bouchardi,1,1,1,1,1
9.40,b,1,Soaresirhynchia,,,bouchardi,1,1,1,1,1
9.40,b,1,Soaresirhynchia,,,bouchardi,1,1,1,1,1
9.40,b,1,Soaresirhynchia,,,bouchardi,1,1,1,1,1
9.40,b,1,Soaresirhynchia,,,bouchardi,1,1,1,1,1
9.40,b,1,Soaresirhynchia,,,bouchardi,1,1,1,1,1
9.40,b,1,Soaresirhynchia,,,bouchardi,1,1,1,1,1
9.40,b,1,Soaresirhynchia,,,bouchardi,1,1,1,1,1
9.40,b,1,Soaresirhynchia,,,bouchardi,1,1,1,1,1
9.40,b,1,Soaresirhynchia,,,bouchardi,1,1,1,1,1
9.40,b,1,Soaresirhynchia,,,bouchardi,1,1,1,1,1
9.40,b,1,Soaresirhynchia,,,bouchardi,1,1,1,1,1
9.40,b,1,Soaresirhynchia,,,bouchardi,1,1,1,1,1
9.40,b,1,Soaresirhynchia,,,bouchardi,1,1,1,1,1
9.40,b,1,Soaresirhynchia,,,bouchardi,1,1,1,1,1
9.40,b,1,Soaresirhynchia,,,bouchardi,1,1,1,1,1
9.40,b,1,Soaresirhynchia,,,bouchardi,1,1,1,1,1
9.40,b,1,Soaresirhynchia,,,bouchardi,1,1,1,1,1
9.40,b,1,Soaresirhynchia,,,bouchardi,1,1,1,1,1
9.40,b,1,Soaresirhynchia,,,bouchardi,1,1,1,1,1
9.40,b,1,Soaresirhynchia,,,bouchardi,1,1,1,1,1
9.40,b,1,Soaresirhynchia,,,bouchardi,1,1,1,1,1
9.40,b,1,Soaresirhynchia,,,bouchardi,1,1,1,1,1
9.40,b,1,Soaresirhynchia,,,bouchardi,1,1,1,1,1
9.40,b,1,Soaresirhynchia,,,bouchardi,1,1,1,1,1
9.40,b,1,Soaresirhynchia,,,bouchardi,1,1,1,1,1
9.40,b,1,Soaresirhynchia,,,bouchardi,1,1,1,1,1
9.40,b,1,Soaresirhynchia,,,bouchardi,1,1,1,1,1
9.40,b,1,Soaresirhynchia,,,bouchardi,1,1,1,1,1
9.40,b,1,Soaresirhynchia,,,bouchardi,1,1,1,1,1
9.40,b,1,Soaresirhynchia,,,bouchardi,1,1,1,1,1
9.40,b,1,Soaresirhynchia,,,bouchardi,1,1,1,1,1
9.40,b,1,Soaresirhynchia,,,bouchardi,1,1,1,1,1
9.40,b,1,Soaresirhynchia,,,bouchardi,1,1,1,1,1
9.40,b,1,Soaresirhynchia,,,bouchardi,1,1,1,1,1
9.40,b,1,Soaresirhynchia,,,bouchardi,1,1,1,1,1
9.40,b,1,Soaresirhynchia,,,bouchardi,1,1,1,1,1
9.40,b,1,Soaresirhynchia,,,bouchardi,1,1,1,1,1
9.40,b,1,Soaresirhynchia,,,bouchardi,1,1,1,1,1
9.40,b,1,Soaresirhynchia,,,bouchardi,1,1,1,1,1
9.40,b,1,Soaresirhynchia,,,bouchardi,1,1,1,1,1
9.40,b,1,Soaresirhynchia,,,bouchardi,1,1,1,1,1
9.40,b,1,Soaresirhynchia,,,bouchardi,1,1,1,1,1
9.40,b,1,Soaresirhynchia,,,bouchardi,1,1,1,1,1
9.40,b,1,Soaresirhynchia,,,bouchardi,1,1,1,1,1
9.40,b,1,Soaresirhynchia,,,bouchardi,1,1,1,1,1
9.40,b,1,Soaresirhynchia,,,bouchardi,1,1,1,1,1
9.40,b,1,Soaresirhynchia,,,bouchardi,1,1,1,1,1
9.40,b,1,Soaresirhynchia,,,bouchardi,1,1,1,1,1
9.40,b,1,Soaresirhynchia,,,bouchardi,1,1,1,1,1
9.40,b,1,Soaresirhynchia,,,bouchardi,1,1,1,1,1
9.40,b,1,Soaresirhynchia,,,bouchardi,1,1,1,1,1
9.40,b,1,Soaresirhynchia,,,bouchardi,1,1,1,1,1
9.40,b,1,Soaresirhynchia,,,bouchardi,1,1,1,1,1
9.40,b,1,Soaresirhynchia,,,bouchardi,1,1,1,1,1
9.40,b,1,Soaresirhynchia,,,bouchardi,1,1,1,1,1
9.40,b,1,Soaresirhynchia,,,bouchardi,1,1,1,1,1
9.40,b,1,Soaresirhynchia,,,bouchardi,1,1,1,1,1
9.40,b,1,Soaresirhynchia,,,bouchardi,1,1,1,1,1
9.40,b,1,Soaresirhynchia,,,bouchardi,1,1,1,1,1
9.40,b,1,Soaresirhynchia,,,bouchardi,1,1,1,1,1
9.40,b,1,Soaresirhynchia,,,bouchardi,1,1,1,1,1
9.40,b,1,Soaresirhynchia,,,bouchardi,1,1,1,1,1
9.40,b,1,Soaresirhynchia,,,bouchardi,1,1,1,1,1
9.40,b,1,Soaresirhynchia,,,bouchardi,1,1,1,1,1
9.40,b,1,Soaresirhynchia,,,bouchardi,1,1,1,1,1
9.40,b,1,Soaresirhynchia,,,bouchardi,1,1,1,1,1
9.40,b,1,Soaresirhynchia,,,bouchardi,1,1,1,1,1
9.40,b,1,Soaresirhynchia,,,bouchardi,1,1,1,1,1
9.40,b,1,Soaresirhynchia,,,bouchardi,1,1,1,1,1
9.40,b,1,Soaresirhynchia,,,bouchardi,1,1,1,1,1
9.40,b,1,Soaresirhynchia,,,bouchardi,1,1,1,1,1
9.40,b,1,Soaresirhynchia,,,bouchardi,1,1,1,1,1
9.40,b,1,Soaresirhynchia,,,bouchardi,1,1,1,1,1
9.40,b,1,Soaresirhynchia,,,bouchardi,1,1,1,1,1
9.40,b,1,Soaresirhynchia,,,bouchardi,1,1,1,1,1
9.40,b,1,Soaresirhynchia,,,bouchardi,1,1,1,1,1
9.40,b,1,Soaresirhynchia,,,bouchardi,1,1,1,1,1
9.40,b,1,Soaresirhynchia,,,bouchardi,1,1,1,1,1
9.40,b,1,Soaresirhynchia,,,bouchardi,1,1,1,1,1
9.40,b,1,Soaresirhynchia,,,bouchardi,1,1,1,1,1
9.40,b,1,Soaresirhynchia,,,bouchardi,1,1,1,1,1
9.40,b,1,Soaresirhynchia,,,bouchardi,1,1,1,1,1
9.40,b,1,Soaresirhynchia,,,bouchardi,1,1,1,1,1
9.40,b,1,Soaresirhynchia,,,bouchardi,1,1,1,1,1
9.40,b,1,Soaresirhynchia,,,bouchardi,1,1,1,1,1
9.40,b,1,Soaresirhynchia,,,bouchardi,1,1,1,1,1
9.40,b,1,Soaresirhynchia,,,bouchardi,1,1,1,1,1
9.40,b,1,Soaresirhynchia,,,bouchardi,1,1,1,1,1
9.40,b,1,Soaresirhynchia,,,bouchardi,1,1,1,1,1
9.40,b,1,Soaresirhynchia,,,bouchardi,1,1,1,1,1
9.40,b,1,Soaresirhynchia,,,bouchardi,1,1,1,1,1
9.40,b,1,Soaresirhynchia,,,bouchardi,1,1,1,1,1
9.40,b,1,Soaresirhynchia,,,bouchardi,1,1,1,1,1
9.40,b,1,Soaresirhynchia,,,bouchardi,1,1,1,1,1
9.40,b,1,Soaresirhynchia,,,bouchardi,1,1,1,1,1
9.40,b,1,Soaresirhynchia,,,bouchardi,1,1,1,1,1
9.40,b,1,Soaresirhynchia,,,bouchardi,1,1,1,1,1
9.40,b,1,Soaresirhynchia,,,bouchardi,1,1,1,1,1
9.40,b,2,Entolium,,,corneolum,5,2,1,1,1
9.40,b,2,Harpax,,,auricola,3,1,1,1,1
9.40,b,2,Harpax,,,spinosa,3,1,1,1,1
9.40,b,2,Parvamussium,,,pumilum,5,2,5,2,1
9.40,b,2,Pseudolimea,,,duplicata,2,1,1,1,1
10.00,b,1,Soaresirhynchia,,,bouchardi,1,1,1,1,1
10.00,b,1,Soaresirhynchia,,,bouchardi,1,1,1,1,1
10.00,b,1,Soaresirhynchia,,,bouchardi,1,1,1,1,1
10.00,b,1,Soaresirhynchia,,,bouchardi,1,1,1,1,1
10.00,b,1,Soaresirhynchia,,,bouchardi,1,1,1,1,1
10.00,b,1,Soaresirhynchia,,,bouchardi,1,1,1,1,1
10.00,b,2,Camptonectes,Camptonectes,,auritus,6,2,1,1,1
10.00,b,2,Camptonectes,Camptonectes,,auritus,6,2,1,1,1
10.00,b,2,Camptonectes,Camptonectes,,subulatus,6,2,1,1,1
10.00,b,2,Camptonectes,Camptonectes,,subulatus,6,2,1,1,1
10.00,b,2,Camptonectes,Camptonectes,,subulatus,6,2,1,1,1
10.00,b,2,Camptonectes,Camptonectes,,subulatus,6,2,1,1,1
10.00,b,2,Camptonectes,Camptonectes,,subulatus,6,2,1,1,1
10.00,b,2,Grammatodon,Grammatodon,,concinnus,6,2,1,1,1
10.00,b,4,Montlivaltia,,,sp.,4,1,5,2,1
10.20,b,1,Soaresirhynchia,,,bouchardi,1,1,1,1,1
10.20,b,1,Soaresirhynchia,,,bouchardi,1,1,1,1,1
10.20,b,1,Soaresirhynchia,,,bouchardi,1,1,1,1,1
10.20,b,1,Soaresirhynchia,,,bouchardi,1,1,1,1,1
10.20,b,2,Entolium,,,corneolum,5,2,1,1,1
10.20,b,2,Entolium,,,corneolum,5,2,1,1,1
10.20,b,2,Entolium,,,corneolum,5,2,1,1,1
10.20,b,2,Entolium,,,corneolum,5,2,1,1,1
10.20,b,2,Harpax,,,spinosa,3,1,1,1,1
10.20,b,2,Harpax,,,spinosa,3,1,1,1,1
10.20,b,2,Pseudolimea,,,duplicata,2,1,1,1,1
10.40,b,1,Soaresirhynchia,,,bouchardi,1,1,1,1,1
10.40,b,1,Soaresirhynchia,,,bouchardi,1,1,1,1,1
10.40,b,1,Soaresirhynchia,,,bouchardi,1,1,1,1,1
10.40,b,1,Soaresirhynchia,,,bouchardi,1,1,1,1,1
10.40,b,1,Soaresirhynchia,,,bouchardi,1,1,1,1,1
10.40,b,2,Entolium,,,corneolum,5,2,1,1,1
10.40,b,2,Entolium,,,corneolum,5,2,1,1,1
10.40,b,2,Pseudolimea,,,duplicata,2,1,1,1,1
10.80,b,1,Soaresirhynchia,,,bouchardi,1,1,1,1,1
10.80,b,1,Soaresirhynchia,,,bouchardi,1,1,1,1,1
10.80,b,1,Soaresirhynchia,,,bouchardi,1,1,1,1,1
10.80,b,1,Soaresirhynchia,,,bouchardi,1,1,1,1,1
10.80,b,1,Soaresirhynchia,,,bouchardi,1,1,1,1,1
10.80,b,1,Soaresirhynchia,,,bouchardi,1,1,1,1,1
10.80,b,1,Soaresirhynchia,,,bouchardi,1,1,1,1,1
10.80,b,1,Soaresirhynchia,,,bouchardi,1,1,1,1,1
10.80,b,1,Soaresirhynchia,,,bouchardi,1,1,1,1,1
10.80,b,1,Soaresirhynchia,,,bouchardi,1,1,1,1,1
10.80,b,1,Soaresirhynchia,,,bouchardi,1,1,1,1,1
10.80,b,1,Soaresirhynchia,,,bouchardi,1,1,1,1,1
10.80,b,1,Soaresirhynchia,,,bouchardi,1,1,1,1,1
10.80,b,2,Parvamussium,,,pumilum,5,2,5,2,1
10.80,b,3,Katosira,,,sp. A,7,2,4,2,1
11.10,b,1,Soaresirhynchia,,,bouchardi,1,1,1,1,1
11.10,b,1,Soaresirhynchia,,,bouchardi,1,1,1,1,1
11.10,b,1,Soaresirhynchia,,,bouchardi,1,1,1,1,1
11.10,b,1,Soaresirhynchia,,,bouchardi,1,1,1,1,1
11.10,b,1,Soaresirhynchia,,,bouchardi,1,1,1,1,1
11.10,b,1,Soaresirhynchia,,,bouchardi,1,1,1,1,1
11.10,b,1,Soaresirhynchia,,,bouchardi,1,1,1,1,1
11.10,b,1,Soaresirhynchia,,,bouchardi,1,1,1,1,1
11.10,b,1,Soaresirhynchia,,,bouchardi,1,1,1,1,1
11.10,b,1,Soaresirhynchia,,,bouchardi,1,1,1,1,1
11.10,b,1,Soaresirhynchia,,,bouchardi,1,1,1,1,1
11.10,b,1,Soaresirhynchia,,,bouchardi,1,1,1,1,1
11.10,b,1,Soaresirhynchia,,,bouchardi,1,1,1,1,1
11.10,b,1,Soaresirhynchia,,,bouchardi,1,1,1,1,1
11.10,b,1,Soaresirhynchia,,,bouchardi,1,1,1,1,1
11.10,b,1,Soaresirhynchia,,,bouchardi,1,1,1,1,1
11.10,b,1,Soaresirhynchia,,,bouchardi,1,1,1,1,1
11.10,b,1,Soaresirhynchia,,,bouchardi,1,1,1,1,1
11.10,b,1,Soaresirhynchia,,,bouchardi,1,1,1,1,1
11.10,b,1,Soaresirhynchia,,,bouchardi,1,1,1,1,1
11.10,b,1,Soaresirhynchia,,,bouchardi,1,1,1,1,1
11.10,b,1,Soaresirhynchia,,,bouchardi,1,1,1,1,1
11.10,b,1,Soaresirhynchia,,,bouchardi,1,1,1,1,1
11.10,b,1,Soaresirhynchia,,,bouchardi,1,1,1,1,1
11.10,b,1,Soaresirhynchia,,,bouchardi,1,1,1,1,1
11.10,b,1,Soaresirhynchia,,,bouchardi,1,1,1,1,1
11.10,b,1,Soaresirhynchia,,,bouchardi,1,1,1,1,1
11.10,b,1,Soaresirhynchia,,,bouchardi,1,1,1,1,1
11.10,b,1,Soaresirhynchia,,,bouchardi,1,1,1,1,1
11.10,b,1,Soaresirhynchia,,,bouchardi,1,1,1,1,1
11.10,b,2,Entolium,,,corneolum,5,2,1,1,1
11.10,b,2,Entolium,,,corneolum,5,2,1,1,1
11.10,b,2,Entolium,,,corneolum,5,2,1,1,1
11.10,b,2,Entolium,,,corneolum,5,2,1,1,1
11.10,b,2,Entolium,,,corneolum,5,2,1,1,1
11.10,b,2,Entolium,,,corneolum,5,2,1,1,1
11.10,b,2,Entolium,,,corneolum,5,2,1,1,1
11.10,b,2,Gryphaea,Gryphaea,cf.,dumortieri,4,1,1,1,1
11.10,b,3,Pseudomelania,,,sp.,7,2,4,2,1
11.30,b,1,Soaresirhynchia,,,bouchardi,1,1,1,1,1
11.30,b,1,Soaresirhynchia,,,bouchardi,1,1,1,1,1
11.30,b,1,Soaresirhynchia,,,bouchardi,1,1,1,1,1
11.30,b,1,Soaresirhynchia,,,bouchardi,1,1,1,1,1
11.30,b,1,Soaresirhynchia,,,bouchardi,1,1,1,1,1
11.30,b,1,Soaresirhynchia,,,bouchardi,1,1,1,1,1
11.30,b,1,Soaresirhynchia,,,bouchardi,1,1,1,1,1
11.30,b,1,Soaresirhynchia,,,bouchardi,1,1,1,1,1
11.30,b,1,Soaresirhynchia,,,bouchardi,1,1,1,1,1
11.30,b,1,Soaresirhynchia,,,bouchardi,1,1,1,1,1
11.30,b,1,Soaresirhynchia,,,bouchardi,1,1,1,1,1
11.30,b,1,Soaresirhynchia,,,bouchardi,1,1,1,1,1
11.30,b,1,Soaresirhynchia,,,bouchardi,1,1,1,1,1
11.30,b,1,Soaresirhynchia,,,bouchardi,1,1,1,1,1
11.30,b,1,Soaresirhynchia,,,bouchardi,1,1,1,1,1
11.30,b,1,Soaresirhynchia,,,bouchardi,1,1,1,1,1
11.30,b,1,Soaresirhynchia,,,bouchardi,1,1,1,1,1
11.30,b,1,Soaresirhynchia,,,bouchardi,1,1,1,1,1
11.30,b,1,Soaresirhynchia,,,bouchardi,1,1,1,1,1
11.30,b,1,Soaresirhynchia,,,bouchardi,1,1,1,1,1
11.30,b,1,Soaresirhynchia,,,bouchardi,1,1,1,1,1
11.30,b,1,Soaresirhynchia,,,bouchardi,1,1,1,1,1
11.30,b,1,Soaresirhynchia,,,bouchardi,1,1,1,1,1
11.30,b,1,Soaresirhynchia,,,bouchardi,1,1,1,1,1
11.30,b,1,Soaresirhynchia,,,bouchardi,1,1,1,1,1
11.30,b,1,Soaresirhynchia,,,bouchardi,1,1,1,1,1
11.30,b,1,Soaresirhynchia,,,bouchardi,1,1,1,1,1
11.30,b,1,Soaresirhynchia,,,bouchardi,1,1,1,1,1
11.30,b,1,Soaresirhynchia,,,bouchardi,1,1,1,1,1
11.30,b,1,Soaresirhynchia,,,bouchardi,1,1,1,1,1
11.30,b,1,Soaresirhynchia,,,bouchardi,1,1,1,1,1
11.30,b,2,Parvamussium,,,pumilum,5,2,5,2,1
11.30,b,2,Parvamussium,,,pumilum,5,2,5,2,1
11.30,b,2,Pseudolimea,,,duplicata,2,1,1,1,1
11.30,b,2,Pseudolimea,,,duplicata,2,1,1,1,1
11.30,b,2,Pseudolimea,,,duplicata,2,1,1,1,1
11.30,b,2,Pseudolimea,,,duplicata,2,1,1,1,1
11.30,b,3,Katosira,,,sp. A,7,2,4,2,1
11.30,b,3,Pseudomelania,,,sp.,7,2,4,2,1
11.80,b,1,Soaresirhynchia,,,bouchardi,1,1,1,1,1
11.80,b,2,Arcomytilus,,,asper,2,1,1,1,1
11.80,b,2,Arcomytilus,,,asper,2,1,1,1,1
11.80,b,2,Entolium,,,corneolum,5,2,1,1,1
11.80,b,2,Entolium,,,corneolum,5,2,1,1,1
11.80,b,2,Entolium,,,corneolum,5,2,1,1,1
11.80,b,2,Entolium,,,corneolum,5,2,1,1,1
11.80,b,2,Entolium,,,corneolum,5,2,1,1,1
11.80,b,2,Entolium,,,corneolum,5,2,1,1,1
11.80,b,2,Entolium,,,corneolum,5,2,1,1,1
11.80,b,2,Grammatodon,Grammatodon,,concinnus,6,2,1,1,1
11.80,b,2,Grammatodon,Grammatodon,,concinnus,6,2,1,1,1
11.80,b,2,Grammatodon,Grammatodon,,concinnus,6,2,1,1,1
11.80,b,2,Grammatodon,Grammatodon,,concinnus,6,2,1,1,1
11.80,b,2,Harpax,,,auricola,3,1,1,1,1
11.80,b,2,Harpax,,,auricola,3,1,1,1,1
11.80,b,3,Katosira,,,sp. A,7,2,4,2,1
11.80,b,3,Pseudomelania,,,sp.,7,2,4,2,1
12.10,b,1,Soaresirhynchia,,,bouchardi,1,1,1,1,1
12.10,b,1,Soaresirhynchia,,,bouchardi,1,1,1,1,1
12.10,b,1,Soaresirhynchia,,,bouchardi,1,1,1,1,1
12.10,b,1,Soaresirhynchia,,,bouchardi,1,1,1,1,1
12.10,b,1,Soaresirhynchia,,,bouchardi,1,1,1,1,1
12.10,b,2,Entolium,,,corneolum,5,2,1,1,1
12.10,b,2,Entolium,,,corneolum,5,2,1,1,1
12.10,b,2,Entolium,,,corneolum,5,2,1,1,1
12.10,b,2,Entolium,,,corneolum,5,2,1,1,1
12.10,b,2,Entolium,,,corneolum,5,2,1,1,1
12.10,b,2,Entolium,,,corneolum,5,2,1,1,1
12.10,b,2,Entolium,,,corneolum,5,2,1,1,1
12.10,b,2,Grammatodon,Grammatodon,,concinnus,6,2,1,1,1
12.10,b,2,Grammatodon,Grammatodon,,concinnus,6,2,1,1,1
12.10,b,2,Grammatodon,Grammatodon,,concinnus,6,2,1,1,1
12.10,b,2,Pseudolimea,,,duplicata,2,1,1,1,1
12.10,b,3,Pseudomelania,,,sp.,7,2,4,2,1
12.35,c,1,Choffatirhynchia,,,vasconcellosi,1,1,1,1,1
12.35,c,1,Choffatirhynchia,,,vasconcellosi,1,1,1,1,1
12.35,c,1,Choffatirhynchia,,,vasconcellosi,1,1,1,1,1
12.35,c,1,Choffatirhynchia,,,vasconcellosi,1,1,1,1,1
12.35,c,1,Choffatirhynchia,,,vasconcellosi,1,1,1,1,1
12.35,c,1,Choffatirhynchia,,,vasconcellosi,1,1,1,1,1
12.35,c,1,Gibbirhynchia,,aff.,muirwoodae,1,1,1,1,1
12.35,c,1,Gibbirhynchia,,aff.,muirwoodae,1,1,1,1,1
12.35,c,1,Gibbirhynchia,,aff.,muirwoodae,1,1,1,1,1
12.35,c,1,Gibbirhynchia,,aff.,muirwoodae,1,1,1,1,1
12.35,c,1,Gibbirhynchia,,aff.,muirwoodae,1,1,1,1,1
12.35,c,1,Gibbirhynchia,,aff.,muirwoodae,1,1,1,1,1
12.35,c,1,Gibbirhynchia,,aff.,muirwoodae,1,1,1,1,1
12.35,c,1,Gibbirhynchia,,aff.,muirwoodae,1,1,1,1,1
12.35,c,1,Gibbirhynchia,,aff.,muirwoodae,1,1,1,1,1
12.35,c,1,Gibbirhynchia,,aff.,muirwoodae,1,1,1,1,1
12.35,c,1,Gibbirhynchia,,aff.,muirwoodae,1,1,1,1,1
12.35,c,1,Gibbirhynchia,,aff.,muirwoodae,1,1,1,1,1
12.35,c,1,Gibbirhynchia,,aff.,muirwoodae,1,1,1,1,1
12.35,c,1,Gibbirhynchia,,aff.,muirwoodae,1,1,1,1,1
12.35,c,1,Gibbirhynchia,,aff.,muirwoodae,1,1,1,1,1
12.35,c,1,Gibbirhynchia,,aff.,muirwoodae,1,1,1,1,1
12.35,c,1,Telothyris,,,jauberti,1,1,1,1,1
12.35,c,1,Telothyris,,,jauberti,1,1,1,1,1
12.35,c,1,Telothyris,,,jauberti,1,1,1,1,1
12.35,c,1,Telothyris,,,jauberti,1,1,1,1,1
12.35,c,1,Telothyris,,,jauberti,1,1,1,1,1
12.35,c,1,Telothyris,,,jauberti,1,1,1,1,1
12.35,c,1,Telothyris,,,jauberti,1,1,1,1,1
12.35,c,1,Telothyris,,,jauberti,1,1,1,1,1
12.35,c,1,Telothyris,,,jauberti,1,1,1,1,1
12.35,c,1,Telothyris,,,jauberti,1,1,1,1,1
12.35,c,1,Telothyris,,,jauberti,1,1,1,1,1
12.35,c,1,Telothyris,,,jauberti,1,1,1,1,1
12.35,c,1,Telothyris,,,jauberti,1,1,1,1,1
12.35,c,1,Telothyris,,,jauberti,1,1,1,1,1
12.35,c,1,Telothyris,,,jauberti,1,1,1,1,1
12.35,c,1,Telothyris,,,jauberti,1,1,1,1,1
12.35,c,1,Telothyris,,,jauberti,1,1,1,1,1
12.35,c,1,Telothyris,,,pyrenaica,1,1,1,1,1
12.35,c,1,Telothyris,,,pyrenaica,1,1,1,1,1
12.35,c,1,Telothyris,,,pyrenaica,1,1,1,1,1
12.35,c,1,Telothyris,,,pyrenaica,1,1,1,1,1
12.35,c,1,Telothyris,,,pyrenaica,1,1,1,1,1
12.35,c,1,Telothyris,,,pyrenaica,1,1,1,1,1
12.35,c,1,Telothyris,,,pyrenaica,1,1,1,1,1
12.35,c,1,Telothyris,,,pyrenaica,1,1,1,1,1
12.35,c,1,Telothyris,,,pyrenaica,1,1,1,1,1
12.35,c,1,Telothyris,,,pyrenaica,1,1,1,1,1
12.35,c,2,Arcomytilus,,,asper,2,1,1,1,1
12.35,c,2,Arcomytilus,,,asper,2,1,1,1,1
12.35,c,2,Arcomytilus,,,asper,2,1,1,1,1
12.35,c,2,Entolium,,,corneolum,5,2,1,1,1
12.35,c,2,Entolium,,,corneolum,5,2,1,1,1
12.35,c,2,Entolium,,,corneolum,5,2,1,1,1
12.35,c,2,Eopecten,,,velatus,2,1,1,1,1
12.35,c,2,Eopecten,,,velatus,2,1,1,1,1
12.35,c,2,Grammatodon,Grammatodon,,concinnus,6,2,1,1,1
12.35,c,2,Grammatodon,Grammatodon,,concinnus,6,2,1,1,1
12.35,c,2,Grammatodon,Grammatodon,,concinnus,6,2,1,1,1
12.35,c,2,Gryphaea,Gryphaea,cf.,dumortieri,4,1,1,1,1
12.35,c,2,Gryphaea,Bilobissa,,sublobata,4,1,1,1,1
12.35,c,2,Isognomon,,,sp.,2,1,1,1,1
12.35,c,2,Isognomon,,,sp.,2,1,1,1,1
12.35,c,2,Parvamussium,,,pumilum,5,2,5,2,1
12.35,c,2,Plagiostoma,,,giganteum,4,1,1,1,1
12.35,c,2,Plagiostoma,,,giganteum,4,1,1,1,1
12.35,c,2,Plagiostoma,,,giganteum,4,1,1,1,1
12.35,c,2,Plagiostoma,,,giganteum,4,1,1,1,1
12.35,c,2,Plagiostoma,,,giganteum,4,1,1,1,1
12.35,c,2,Plagiostoma,,,giganteum,4,1,1,1,1
12.35,c,2,Pseudolimea,,,duplicata,2,1,1,1,1
12.35,c,2,Pseudolimea,,,duplicata,2,1,1,1,1
12.35,c,2,Pseudolimea,,,duplicata,2,1,1,1,1
12.35,c,2,Pseudopecten,Pseudopecten,,dentatus,5,2,1,1,1
12.35,c,2,Pseudopecten,Pseudopecten,,dentatus,5,2,1,1,1
12.35,c,3,Katosira,,,sp. A,7,2,4,2,1
12.35,c,3,Pseudomelania,,,sp.,7,2,4,2,1
12.60,c,1,Choffatirhynchia,,aff.,paucicostatae,1,1,1,1,1
12.60,c,1,Choffatirhynchia,,aff.,paucicostatae,1,1,1,1,1
12.60,c,1,Choffatirhynchia,,aff.,paucicostatae,1,1,1,1,1
12.60,c,1,Choffatirhynchia,,,vasconcellosi,1,1,1,1,1
12.60,c,1,Choffatirhynchia,,,vasconcellosi,1,1,1,1,1
12.60,c,1,Choffatirhynchia,,,vasconcellosi,1,1,1,1,1
12.60,c,1,Choffatirhynchia,,,vasconcellosi,1,1,1,1,1
12.60,c,1,Choffatirhynchia,,,vasconcellosi,1,1,1,1,1
12.60,c,1,Choffatirhynchia,,,vasconcellosi,1,1,1,1,1
12.60,c,1,Choffatirhynchia,,,vasconcellosi,1,1,1,1,1
12.60,c,1,Choffatirhynchia,,,vasconcellosi,1,1,1,1,1
12.60,c,1,Choffatirhynchia,,,vasconcellosi,1,1,1,1,1
12.60,c,1,Choffatirhynchia,,,vasconcellosi,1,1,1,1,1
12.60,c,1,Choffatirhynchia,,,vasconcellosi,1,1,1,1,1
12.60,c,1,Choffatirhynchia,,,vasconcellosi,1,1,1,1,1
12.60,c,1,Choffatirhynchia,,,vasconcellosi,1,1,1,1,1
12.60,c,1,Choffatirhynchia,,,vasconcellosi,1,1,1,1,1
12.60,c,1,Choffatirhynchia,,,vasconcellosi,1,1,1,1,1
12.60,c,1,Choffatirhynchia,,,vasconcellosi,1,1,1,1,1
12.60,c,1,Gibbirhynchia,,aff.,muirwoodae,1,1,1,1,1
12.60,c,1,Gibbirhynchia,,aff.,muirwoodae,1,1,1,1,1
12.60,c,1,Gibbirhynchia,,aff.,muirwoodae,1,1,1,1,1
12.60,c,1,Gibbirhynchia,,aff.,muirwoodae,1,1,1,1,1
12.60,c,1,Gibbirhynchia,,aff.,muirwoodae,1,1,1,1,1
12.60,c,1,Gibbirhynchia,,aff.,muirwoodae,1,1,1,1,1
12.60,c,1,Gibbirhynchia,,aff.,muirwoodae,1,1,1,1,1
12.60,c,1,Gibbirhynchia,,aff.,muirwoodae,1,1,1,1,1
12.60,c,1,Gibbirhynchia,,aff.,muirwoodae,1,1,1,1,1
12.60,c,1,Gibbirhynchia,,aff.,muirwoodae,1,1,1,1,1
12.60,c,1,Gibbirhynchia,,aff.,muirwoodae,1,1,1,1,1
12.60,c,1,Gibbirhynchia,,aff.,muirwoodae,1,1,1,1,1
12.60,c,1,Lobothyris,,,hispanica,1,1,1,1,1
12.60,c,1,Lobothyris,,,hispanica,1,1,1,1,1
12.60,c,1,Lobothyris,,,hispanica,1,1,1,1,1
12.60,c,1,Lobothyris,,,hispanica,1,1,1,1,1
12.60,c,1,Lobothyris,,,hispanica,1,1,1,1,1
12.60,c,1,Lobothyris,,,hispanica,1,1,1,1,1
12.60,c,1,Telothyris,,,jauberti,1,1,1,1,1
12.60,c,1,Telothyris,,,jauberti,1,1,1,1,1
12.60,c,1,Telothyris,,,jauberti,1,1,1,1,1
12.60,c,1,Telothyris,,,jauberti,1,1,1,1,1
12.60,c,1,Telothyris,,,jauberti,1,1,1,1,1
12.60,c,1,Telothyris,,,jauberti,1,1,1,1,1
12.60,c,1,Telothyris,,,jauberti,1,1,1,1,1
12.60,c,1,Telothyris,,,jauberti,1,1,1,1,1
12.60,c,1,Telothyris,,,jauberti,1,1,1,1,1
12.60,c,1,Telothyris,,,jauberti,1,1,1,1,1
12.60,c,1,Telothyris,,,jauberti,1,1,1,1,1
12.60,c,1,Telothyris,,,jauberti,1,1,1,1,1
12.60,c,1,Telothyris,,,jauberti,1,1,1,1,1
12.60,c,1,Telothyris,,,jauberti,1,1,1,1,1
12.60,c,1,Telothyris,,,jauberti,1,1,1,1,1
12.60,c,1,Telothyris,,,jauberti,1,1,1,1,1
12.60,c,1,Telothyris,,,jauberti,1,1,1,1,1
12.60,c,1,Telothyris,,,jauberti,1,1,1,1,1
12.60,c,1,Telothyris,,,jauberti,1,1,1,1,1
12.60,c,1,Telothyris,,,jauberti,1,1,1,1,1
12.60,c,2,Arcomytilus,,,asper,2,1,1,1,1
12.60,c,2,Arcomytilus,,,asper,2,1,1,1,1
12.60,c,2,Arcomytilus,,,asper,2,1,1,1,1
12.60,c,2,Arcomytilus,,,asper,2,1,1,1,1
12.60,c,2,Arcomytilus,,,asper,2,1,1,1,1
12.60,c,2,Camptonectes,Camptonectes,,auritus,6,2,1,1,1
12.60,c,2,Camptonectes,Camptonectes,,subulatus,6,2,1,1,1
12.60,c,2,Chlamys,Chlamys,,textoria,6,2,1,1,1
12.60,c,2,Chlamys,Chlamys,,textoria,6,2,1,1,1
12.60,c,2,Ctenostreon,,,rugosum,4,1,1,1,1
12.60,c,2,Ctenostreon,,,rugosum,4,1,1,1,1
12.60,c,2,Entolium,,,corneolum,5,2,1,1,1
12.60,c,2,Entolium,,,corneolum,5,2,1,1,1
12.60,c,2,Entolium,,,corneolum,5,2,1,1,1
12.60,c,2,Entolium,,,corneolum,5,2,1,1,1
12.60,c,2,Eopecten,,,velatus,2,1,1,1,1
12.60,c,2,Eopecten,,,velatus,2,1,1,1,1
12.60,c,2,Eopecten,,,velatus,2,1,1,1,1
12.60,c,2,Grammatodon,Grammatodon,,concinnus,6,2,1,1,1
12.60,c,2,Grammatodon,Grammatodon,,concinnus,6,2,1,1,1
12.60,c,2,Harpax,,,rapa,3,1,1,1,1
12.60,c,2,Isognomon,,,sp.,2,1,1,1,1
12.60,c,2,Isognomon,,,sp.,2,1,1,1,1
12.60,c,2,Parvamussium,,,pumilum,5,2,5,2,1
12.60,c,2,Placunopsis,,,radiata,3,1,1,1,1
12.60,c,2,Plagiostoma,,,giganteum,4,1,1,1,1
12.60,c,2,Plagiostoma,,,giganteum,4,1,1,1,1
12.60,c,2,Plagiostoma,,,giganteum,4,1,1,1,1
12.60,c,2,Plagiostoma,,,giganteum,4,1,1,1,1
12.60,c,2,Plagiostoma,,,giganteum,4,1,1,1,1
12.60,c,2,Plagiostoma,,,giganteum,4,1,1,1,1
12.60,c,2,Plagiostoma,,,giganteum,4,1,1,1,1
12.60,c,2,Plagiostoma,,,punctatum,2,1,1,1,1
12.60,c,2,Plagiostoma,,,punctatum,2,1,1,1,1
12.60,c,2,Plagiostoma,,,punctatum,2,1,1,1,1
12.60,c,2,Plagiostoma,,,punctatum,2,1,1,1,1
12.60,c,2,Plagiostoma,,,punctatum,2,1,1,1,1
12.60,c,2,Plagiostoma,,,punctatum,2,1,1,1,1
12.60,c,2,Plagiostoma,,,punctatum,2,1,1,1,1
12.60,c,2,Plagiostoma,,,punctatum,2,1,1,1,1
12.60,c,2,Plagiostoma,,,punctatum,2,1,1,1,1
12.60,c,2,Plagiostoma,,,punctatum,2,1,1,1,1
12.60,c,2,Plagiostoma,,,punctatum,2,1,1,1,1
12.60,c,2,Plagiostoma,,,punctatum,2,1,1,1,1
12.60,c,2,Plagiostoma,,,punctatum,2,1,1,1,1
12.60,c,2,Plagiostoma,,,punctatum,2,1,1,1,1
12.60,c,2,Pseudolimea,,,duplicata,2,1,1,1,1
12.60,c,2,Pseudolimea,,,duplicata,2,1,1,1,1
12.60,c,2,Pseudolimea,,,duplicata,2,1,1,1,1
12.60,c,2,Pseudolimea,,,duplicata,2,1,1,1,1
12.60,c,2,Pseudolimea,,,duplicata,2,1,1,1,1
12.60,c,2,Pseudolimea,,,duplicata,2,1,1,1,1
12.60,c,3,Pseudomelania,,,sp.,7,2,4,2,1
13.20,c,1,Choffatirhynchia,,aff.,paucicostatae,1,1,1,1,1
13.20,c,1,Choffatirhynchia,,aff.,paucicostatae,1,1,1,1,1
13.20,c,1,Homoeorhynchia,,,batalleri,1,1,1,1,1
13.20,c,1,Homoeorhynchia,,,batalleri,1,1,1,1,1
13.20,c,1,Homoeorhynchia,,,batalleri,1,1,1,1,1
13.20,c,1,Telothyris,,,jauberti,1,1,1,1,1
13.20,c,1,Telothyris,,,jauberti,1,1,1,1,1
13.20,c,1,Telothyris,,,jauberti,1,1,1,1,1
13.20,c,1,Telothyris,,,jauberti,1,1,1,1,1
13.20,c,1,Telothyris,,,jauberti,1,1,1,1,1
13.20,c,1,Telothyris,,,jauberti,1,1,1,1,1
13.20,c,1,Telothyris,,,jauberti,1,1,1,1,1
13.20,c,1,Telothyris,,,jauberti,1,1,1,1,1
13.20,c,1,Telothyris,,,jauberti,1,1,1,1,1
13.20,c,1,Telothyris,,,jauberti,1,1,1,1,1
13.20,c,1,Telothyris,,,jauberti,1,1,1,1,1
13.20,c,1,Telothyris,,,jauberti,1,1,1,1,1
13.20,c,1,Telothyris,,,jauberti,1,1,1,1,1
13.20,c,1,Telothyris,,,jauberti,1,1,1,1,1
13.20,c,1,Telothyris,,,jauberti,1,1,1,1,1
13.20,c,1,Telothyris,,,jauberti,1,1,1,1,1
13.20,c,1,Telothyris,,,jauberti,1,1,1,1,1
13.20,c,1,Telothyris,,,jauberti,1,1,1,1,1
13.20,c,1,Telothyris,,,jauberti,1,1,1,1,1
13.20,c,1,Telothyris,,,jauberti,1,1,1,1,1
13.20,c,1,Telothyris,,,jauberti,1,1,1,1,1
13.20,c,1,Telothyris,,,pyrenaica,1,1,1,1,1
13.20,c,1,Telothyris,,,pyrenaica,1,1,1,1,1
13.20,c,1,Telothyris,,,pyrenaica,1,1,1,1,1
13.20,c,1,Telothyris,,,pyrenaica,1,1,1,1,1
13.20,c,1,Telothyris,,,pyrenaica,1,1,1,1,1
13.20,c,1,Telothyris,,,pyrenaica,1,1,1,1,1
13.20,c,1,Telothyris,,,pyrenaica,1,1,1,1,1
13.20,c,1,Telothyris,,,pyrenaica,1,1,1,1,1
13.20,c,1,Telothyris,,,pyrenaica,1,1,1,1,1
13.20,c,1,Telothyris,,,pyrenaica,1,1,1,1,1
13.20,c,1,Telothyris,,,pyrenaica,1,1,1,1,1
13.20,c,2,Actinostreon,,,sp.,3,1,1,1,1
13.20,c,2,Arcomytilus,,,asper,2,1,1,1,1
13.20,c,2,Chlamys,Chlamys,,textoria,6,2,1,1,1
13.20,c,2,Ctenostreon,,,rugosum,4,1,1,1,1
13.20,c,2,Ctenostreon,,,rugosum,4,1,1,1,1
13.20,c,2,Entolium,,,corneolum,5,2,1,1,1
13.20,c,2,Grammatodon,Grammatodon,,concinnus,6,2,1,1,1
13.20,c,2,Gryphaea,Gryphaea,cf.,dumortieri,4,1,1,1,1
13.20,c,2,Plagiostoma,,,punctatum,2,1,1,1,1
13.20,c,2,Pseudolimea,,,duplicata,2,1,1,1,1
13.20,c,2,Pseudolimea,,,duplicata,2,1,1,1,1
13.20,c,3,Oonia,,,sp.,7,2,4,2,1
13.20,c,3,Oonia,,,sp.,7,2,4,2,1
13.75,c,1,Gibbirhynchia,,aff.,muirwoodae,1,1,1,1,1
13.75,c,1,Gibbirhynchia,,aff.,muirwoodae,1,1,1,1,1
13.75,c,1,Gibbirhynchia,,aff.,muirwoodae,1,1,1,1,1
13.75,c,1,Gibbirhynchia,,aff.,muirwoodae,1,1,1,1,1
13.75,c,1,Gibbirhynchia,,aff.,muirwoodae,1,1,1,1,1
13.75,c,1,Gibbirhynchia,,aff.,muirwoodae,1,1,1,1,1
13.75,c,1,Gibbirhynchia,,aff.,muirwoodae,1,1,1,1,1
13.75,c,1,Gibbirhynchia,,aff.,muirwoodae,1,1,1,1,1
13.75,c,1,Gibbirhynchia,,aff.,muirwoodae,1,1,1,1,1
13.75,c,1,Homoeorhynchia,,,batalleri,1,1,1,1,1
13.75,c,1,Homoeorhynchia,,,batalleri,1,1,1,1,1
13.75,c,1,Homoeorhynchia,,,batalleri,1,1,1,1,1
13.75,c,1,Homoeorhynchia,,,batalleri,1,1,1,1,1
13.75,c,1,Homoeorhynchia,,,batalleri,1,1,1,1,1
13.75,c,1,Homoeorhynchia,,,batalleri,1,1,1,1,1
13.75,c,1,Homoeorhynchia,,,batalleri,1,1,1,1,1
13.75,c,1,Homoeorhynchia,,,batalleri,1,1,1,1,1
13.75,c,1,Homoeorhynchia,,,batalleri,1,1,1,1,1
13.75,c,1,Homoeorhynchia,,,batalleri,1,1,1,1,1
13.75,c,1,Homoeorhynchia,,,batalleri,1,1,1,1,1
13.75,c,1,Homoeorhynchia,,,batalleri,1,1,1,1,1
13.75,c,1,Homoeorhynchia,,,batalleri,1,1,1,1,1
13.75,c,1,Homoeorhynchia,,,batalleri,1,1,1,1,1
13.75,c,1,Homoeorhynchia,,,batalleri,1,1,1,1,1
13.75,c,1,Homoeorhynchia,,,batalleri,1,1,1,1,1
13.75,c,1,Homoeorhynchia,,,batalleri,1,1,1,1,1
13.75,c,1,Lobothyris,,,hispanica,1,1,1,1,1
13.75,c,1,Lobothyris,,,hispanica,1,1,1,1,1
13.75,c,1,Lobothyris,,,hispanica,1,1,1,1,1
13.75,c,1,Telothyris,,,jauberti,1,1,1,1,1
13.75,c,1,Telothyris,,,jauberti,1,1,1,1,1
13.75,c,1,Telothyris,,,jauberti,1,1,1,1,1
13.75,c,1,Telothyris,,,jauberti,1,1,1,1,1
13.75,c,1,Telothyris,,,pyrenaica,1,1,1,1,1
13.75,c,1,Telothyris,,,pyrenaica,1,1,1,1,1
13.75,c,1,Telothyris,,,pyrenaica,1,1,1,1,1
13.75,c,1,Telothyris,,,pyrenaica,1,1,1,1,1
13.75,c,2,Bakevellia,,cf.,waltoni,2,1,1,1,1
13.75,c,2,Entolium,,,corneolum,5,2,1,1,1
13.75,c,2,Entolium,,,corneolum,5,2,1,1,1
13.75,c,2,Grammatodon,Grammatodon,,concinnus,6,2,1,1,1
13.75,c,2,Grammatodon,Grammatodon,,concinnus,6,2,1,1,1
13.75,c,2,Grammatodon,Grammatodon,,concinnus,6,2,1,1,1
13.75,c,2,Parvamussium,,,pumilum,5,2,5,2,1
13.75,c,2,Parvamussium,,,pumilum,5,2,5,2,1
13.75,c,2,Plagiostoma,,,giganteum,4,1,1,1,1
14.25,c,1,Homoeorhynchia,,,batalleri,1,1,1,1,1
14.25,c,1,Homoeorhynchia,,,batalleri,1,1,1,1,1
14.25,c,1,Homoeorhynchia,,,batalleri,1,1,1,1,1
14.25,c,1,Homoeorhynchia,,,batalleri,1,1,1,1,1
14.25,c,1,Homoeorhynchia,,,batalleri,1,1,1,1,1
14.25,c,1,Homoeorhynchia,,,batalleri,1,1,1,1,1
14.25,c,1,Homoeorhynchia,,,batalleri,1,1,1,1,1
14.25,c,1,Homoeorhynchia,,,batalleri,1,1,1,1,1
14.25,c,1,Homoeorhynchia,,,batalleri,1,1,1,1,1
14.25,c,1,Homoeorhynchia,,,batalleri,1,1,1,1,1
14.25,c,1,Homoeorhynchia,,,batalleri,1,1,1,1,1
14.25,c,1,Lobothyris,,,hispanica,1,1,1,1,1
14.25,c,1,Lobothyris,,,hispanica,1,1,1,1,1
14.25,c,1,Lobothyris,,,hispanica,1,1,1,1,1
14.25,c,1,Lobothyris,,,hispanica,1,1,1,1,1
14.25,c,1,Sphaeroidothyris,,,dubari,1,1,1,1,1
14.25,c,1,Sphaeroidothyris,,,dubari,1,1,1,1,1
14.25,c,1,Sphaeroidothyris,,,dubari,1,1,1,1,1
14.25,c,1,Sphaeroidothyris,,,dubari,1,1,1,1,1
14.25,c,1,Telothyris,,,jauberti,1,1,1,1,1
14.25,c,1,Telothyris,,,pyrenaica,1,1,1,1,1
14.25,c,1,Telothyris,,,pyrenaica,1,1,1,1,1
14.25,c,2,Actinostreon,,,sp.,3,1,1,1,1
14.25,c,2,Actinostreon,,,sp.,3,1,1,1,1
14.25,c,2,Camptonectes,Camptonectes,,auritus,6,2,1,1,1
14.25,c,2,Ctenostreon,,,rugosum,4,1,1,1,1
14.25,c,2,Entolium,,,corneolum,5,2,1,1,1
14.25,c,2,Grammatodon,Grammatodon,,concinnus,6,2,1,1,1
14.25,c,2,Grammatodon,Grammatodon,,concinnus,6,2,1,1,1
14.25,c,2,Grammatodon,Grammatodon,,concinnus,6,2,1,1,1
14.25,c,2,Plagiostoma,,,giganteum,4,1,1,1,1
14.25,c,2,Pseudolimea,,,duplicata,2,1,1,1,1
14.25,c,3,Ampullospira,,,sp.,7,2,4,2,1
14.25,c,3,Cylindrobullina,,,sp.,7,2,4,2,1
14.25,c,3,Katosira,,,sp. A,7,2,4,2,1
14.25,c,3,Katosira,,,sp. A,7,2,4,2,1
14.25,c,3,Katosira,,,sp. A,7,2,4,2,1
14.25,c,3,Katosira,,,sp. A,7,2,4,2,1
14.25,c,3,Katosira,,,sp. A,7,2,4,2,1
14.25,c,3,Katosira,,,sp. A,7,2,4,2,1
14.25,c,3,Katosira,,,sp. A,7,2,4,2,1
14.85,c,1,Choffatirhynchia,,,vasconcellosi,1,1,1,1,1
14.85,c,1,Choffatirhynchia,,,vasconcellosi,1,1,1,1,1
14.85,c,1,Choffatirhynchia,,,vasconcellosi,1,1,1,1,1
14.85,c,1,Choffatirhynchia,,,vasconcellosi,1,1,1,1,1
14.85,c,1,Choffatirhynchia,,,vasconcellosi,1,1,1,1,1
14.85,c,1,Choffatirhynchia,,,vasconcellosi,1,1,1,1,1
14.85,c,1,Choffatirhynchia,,,vasconcellosi,1,1,1,1,1
14.85,c,1,Choffatirhynchia,,,vasconcellosi,1,1,1,1,1
14.85,c,1,Choffatirhynchia,,,vasconcellosi,1,1,1,1,1
14.85,c,1,Choffatirhynchia,,,vasconcellosi,1,1,1,1,1
14.85,c,1,Choffatirhynchia,,,vasconcellosi,1,1,1,1,1
14.85,c,1,Choffatirhynchia,,,vasconcellosi,1,1,1,1,1
14.85,c,1,Choffatirhynchia,,,vasconcellosi,1,1,1,1,1
14.85,c,1,Homoeorhynchia,,,batalleri,1,1,1,1,1
14.85,c,1,Homoeorhynchia,,,batalleri,1,1,1,1,1
14.85,c,1,Homoeorhynchia,,,batalleri,1,1,1,1,1
14.85,c,1,Homoeorhynchia,,,batalleri,1,1,1,1,1
14.85,c,1,Homoeorhynchia,,,batalleri,1,1,1,1,1
14.85,c,1,Homoeorhynchia,,,batalleri,1,1,1,1,1
14.85,c,1,Homoeorhynchia,,,batalleri,1,1,1,1,1
14.85,c,1,Homoeorhynchia,,,batalleri,1,1,1,1,1
14.85,c,1,Homoeorhynchia,,,batalleri,1,1,1,1,1
14.85,c,1,Homoeorhynchia,,,batalleri,1,1,1,1,1
14.85,c,1,Homoeorhynchia,,,batalleri,1,1,1,1,1
14.85,c,1,Homoeorhynchia,,,batalleri,1,1,1,1,1
14.85,c,1,Homoeorhynchia,,,meridionalis,1,1,1,1,1
14.85,c,1,Homoeorhynchia,,,meridionalis,1,1,1,1,1
14.85,c,1,Homoeorhynchia,,,meridionalis,1,1,1,1,1
14.85,c,1,Homoeorhynchia,,,meridionalis,1,1,1,1,1
14.85,c,1,Homoeorhynchia,,,meridionalis,1,1,1,1,1
14.85,c,1,Homoeorhynchia,,,meridionalis,1,1,1,1,1
14.85,c,1,Homoeorhynchia,,,meridionalis,1,1,1,1,1
14.85,c,1,Homoeorhynchia,,,meridionalis,1,1,1,1,1
14.85,c,1,Homoeorhynchia,,,meridionalis,1,1,1,1,1
14.85,c,1,Homoeorhynchia,,,meridionalis,1,1,1,1,1
14.85,c,1,Homoeorhynchia,,,meridionalis,1,1,1,1,1
14.85,c,1,Homoeorhynchia,,,meridionalis,1,1,1,1,1
14.85,c,1,Homoeorhynchia,,,meridionalis,1,1,1,1,1
14.85,c,1,Homoeorhynchia,,,meridionalis,1,1,1,1,1
14.85,c,1,Homoeorhynchia,,,meridionalis,1,1,1,1,1
14.85,c,1,Homoeorhynchia,,,meridionalis,1,1,1,1,1
14.85,c,1,Homoeorhynchia,,,meridionalis,1,1,1,1,1
14.85,c,1,Homoeorhynchia,,,meridionalis,1,1,1,1,1
14.85,c,1,Homoeorhynchia,,,meridionalis,1,1,1,1,1
14.85,c,1,Homoeorhynchia,,,meridionalis,1,1,1,1,1
14.85,c,1,Homoeorhynchia,,,meridionalis,1,1,1,1,1
14.85,c,1,Homoeorhynchia,,,meridionalis,1,1,1,1,1
14.85,c,1,Homoeorhynchia,,,meridionalis,1,1,1,1,1
14.85,c,1,Homoeorhynchia,,,meridionalis,1,1,1,1,1
14.85,c,1,Homoeorhynchia,,,meridionalis,1,1,1,1,1
14.85,c,1,Homoeorhynchia,,,meridionalis,1,1,1,1,1
14.85,c,1,Homoeorhynchia,,,meridionalis,1,1,1,1,1
14.85,c,1,Homoeorhynchia,,,meridionalis,1,1,1,1,1
14.85,c,1,Homoeorhynchia,,,meridionalis,1,1,1,1,1
14.85,c,1,Lobothyris,,,hispanica,1,1,1,1,1
14.85,c,2,Entolium,,,corneolum,5,2,1,1,1
14.85,c,2,Entolium,,,corneolum,5,2,1,1,1
14.85,c,2,Entolium,,,corneolum,5,2,1,1,1
14.85,c,2,Grammatodon,Grammatodon,,concinnus,6,2,1,1,1
14.85,c,2,Grammatodon,Grammatodon,,concinnus,6,2,1,1,1
14.85,c,2,Grammatodon,Grammatodon,,concinnus,6,2,1,1,1
14.85,c,2,Grammatodon,Grammatodon,,concinnus,6,2,1,1,1
14.85,c,2,Gryphaea,Gryphaea,cf.,dumortieri,4,1,1,1,1
14.85,c,2,Gryphaea,Gryphaea,cf.,dumortieri,4,1,1,1,1
14.85,c,2,Gryphaea,Gryphaea,cf.,dumortieri,4,1,1,1,1
14.85,c,2,Gryphaea,Gryphaea,cf.,dumortieri,4,1,1,1,1
14.85,c,2,Gryphaea,Gryphaea,cf.,dumortieri,4,1,1,1,1
14.85,c,2,Plagiostoma,,,punctatum,2,1,1,1,1
14.85,c,2,Plagiostoma,,,punctatum,2,1,1,1,1
14.85,c,2,Plagiostoma,,,punctatum,2,1,1,1,1
14.85,c,2,Pseudolimea,,,duplicata,2,1,1,1,1
14.85,c,2,Pseudolimea,,,duplicata,2,1,1,1,1
14.85,c,2,Pseudolimea,,,duplicata,2,1,1,1,1
14.85,c,3,Cylindrobullina,,,sp.,7,2,4,2,1
14.85,c,3,Katosira,,,sp. A,7,2,4,2,1
14.85,c,3,Katosira,,,sp. A,7,2,4,2,1
14.85,c,3,Katosira,,,sp. A,7,2,4,2,1
14.85,c,3,Katosira,,,sp. A,7,2,4,2,1
14.85,c,3,Katosira,,,sp. A,7,2,4,2,1
15.25,c,1,Homoeorhynchia,,,meridionalis,1,1,1,1,1
15.25,c,1,Homoeorhynchia,,,meridionalis,1,1,1,1,1
15.25,c,1,Homoeorhynchia,,,meridionalis,1,1,1,1,1
15.25,c,1,Homoeorhynchia,,,meridionalis,1,1,1,1,1
15.25,c,1,Homoeorhynchia,,,meridionalis,1,1,1,1,1
15.25,c,1,Homoeorhynchia,,,meridionalis,1,1,1,1,1
15.25,c,1,Homoeorhynchia,,,meridionalis,1,1,1,1,1
15.25,c,1,Homoeorhynchia,,,meridionalis,1,1,1,1,1
15.25,c,1,Sphaeroidothyris,,,dubari,1,1,1,1,1
15.25,c,1,Sphaeroidothyris,,,dubari,1,1,1,1,1
15.25,c,1,Sphaeroidothyris,,,dubari,1,1,1,1,1
15.25,c,1,Sphaeroidothyris,,,dubari,1,1,1,1,1
15.25,c,1,Telothyris,,,pyrenaica,1,1,1,1,1
15.25,c,1,Telothyris,,,pyrenaica,1,1,1,1,1
15.25,c,1,Telothyris,,,pyrenaica,1,1,1,1,1
15.25,c,1,Telothyris,,,pyrenaica,1,1,1,1,1
15.25,c,1,Telothyris,,,pyrenaica,1,1,1,1,1
15.25,c,1,Telothyris,,,pyrenaica,1,1,1,1,1
15.25,c,2,Entolium,,,corneolum,5,2,1,1,1
15.25,c,2,Entolium,,,corneolum,5,2,1,1,1
15.25,c,2,Grammatodon,Grammatodon,,concinnus,6,2,1,1,1
15.25,c,2,Grammatodon,Grammatodon,,concinnus,6,2,1,1,1
15.25,c,2,Grammatodon,Grammatodon,,concinnus,6,2,1,1,1
15.25,c,2,Grammatodon,Grammatodon,,concinnus,6,2,1,1,1
15.25,c,2,Grammatodon,Grammatodon,,concinnus,6,2,1,1,1
15.25,c,2,Grammatodon,Grammatodon,,concinnus,6,2,1,1,1
15.25,c,2,Gryphaea,Gryphaea,cf.,dumortieri,4,1,1,1,1
15.25,c,2,Liostrea,,,sp.,3,1,1,1,1
15.25,c,2,Nanogyra,,,sp.,3,1,1,1,1
15.25,c,3,Ampullospira,,,sp.,7,2,4,2,1
15.25,c,3,Cylindrobullina,,,sp.,7,2,4,2,1
15.25,c,3,Cylindrobullina,,,sp.,7,2,4,2,1
15.25,c,3,Katosira,,,sp. A,7,2,4,2,1
15.25,c,3,Katosira,,,sp. A,7,2,4,2,1
15.25,c,3,Katosira,,,sp. A,7,2,4,2,1
15.25,c,3,Katosira,,,sp. A,7,2,4,2,1
15.25,c,3,Katosira,,,sp. A,7,2,4,2,1
15.25,c,3,Katosira,,,sp. A,7,2,4,2,1
15.25,c,3,Katosira,,,sp. A,7,2,4,2,1
15.25,c,3,Katosira,,,sp. A,7,2,4,2,1
15.25,c,3,Katosira,,,sp. A,7,2,4,2,1
15.25,c,3,Katosira,,,sp. A,7,2,4,2,1
15.25,c,3,Katosira,,,sp. A,7,2,4,2,1
15.25,c,3,Katosira,,,sp. A,7,2,4,2,1
15.25,c,3,Katosira,,,sp. A,7,2,4,2,1
15.25,c,3,Katosira,,,sp. A,7,2,4,2,1
16.05,c,1,Choffatirhynchia,,,vasconcellosi,1,1,1,1,1
16.05,c,1,Homoeorhynchia,,,batalleri,1,1,1,1,1
16.05,c,1,Homoeorhynchia,,,meridionalis,1,1,1,1,1
16.05,c,1,Homoeorhynchia,,,meridionalis,1,1,1,1,1
16.05,c,1,Homoeorhynchia,,,meridionalis,1,1,1,1,1
16.05,c,1,Homoeorhynchia,,,meridionalis,1,1,1,1,1
16.05,c,1,Lobothyris,,,hispanica,1,1,1,1,1
16.05,c,1,Lobothyris,,,hispanica,1,1,1,1,1
16.05,c,1,Lobothyris,,,hispanica,1,1,1,1,1
16.05,c,1,Sphaeroidothyris,,,dubari,1,1,1,1,1
16.05,c,1,Sphaeroidothyris,,,dubari,1,1,1,1,1
16.05,c,1,Sphaeroidothyris,,,dubari,1,1,1,1,1
16.05,c,1,Telothyris,,,pyrenaica,1,1,1,1,1
16.05,c,1,Telothyris,,,pyrenaica,1,1,1,1,1
16.05,c,1,Telothyris,,,pyrenaica,1,1,1,1,1
16.05,c,2,Entolium,,,corneolum,5,2,1,1,1
16.05,c,2,Entolium,,,corneolum,5,2,1,1,1
16.05,c,2,Entolium,,,corneolum,5,2,1,1,1
16.05,c,2,Grammatodon,Grammatodon,,concinnus,6,2,1,1,1
16.05,c,2,Grammatodon,Grammatodon,,concinnus,6,2,1,1,1
16.05,c,2,Grammatodon,Grammatodon,,concinnus,6,2,1,1,1
16.05,c,2,Grammatodon,Grammatodon,,concinnus,6,2,1,1,1
16.05,c,2,Grammatodon,Grammatodon,,concinnus,6,2,1,1,1
16.05,c,2,Grammatodon,Grammatodon,,concinnus,6,2,1,1,1
16.05,c,2,Grammatodon,Grammatodon,,concinnus,6,2,1,1,1
16.05,c,2,Plagiostoma,,,punctatum,2,1,1,1,1
16.05,c,2,Plagiostoma,,,punctatum,2,1,1,1,1
16.05,c,3,Ampullospira,,,sp.,7,2,4,2,1
16.05,c,3,Katosira,,,sp. A,7,2,4,2,1
16.05,c,3,Katosira,,,sp. A,7,2,4,2,1
16.05,c,3,Katosira,,,sp. A,7,2,4,2,1
16.05,c,3,Katosira,,,sp. A,7,2,4,2,1
16.05,c,3,Katosira,,,sp. A,7,2,4,2,1
16.05,c,3,Katosira,,,sp. A,7,2,4,2,1
16.05,c,3,Katosira,,,sp. A,7,2,4,2,1
16.05,c,3,Katosira,,,sp. A,7,2,4,2,1
16.05,c,3,Katosira,,,sp. A,7,2,4,2,1
16.05,c,3,Katosira,,,sp. A,7,2,4,2,1
16.05,c,3,Oonia,,,sp.,7,2,4,2,1
16.70,c,1,Choffatirhynchia,,,vasconcellosi,1,1,1,1,1
16.70,c,1,Choffatirhynchia,,,vasconcellosi,1,1,1,1,1
16.70,c,1,Homoeorhynchia,,,batalleri,1,1,1,1,1
16.70,c,1,Homoeorhynchia,,,batalleri,1,1,1,1,1
16.70,c,1,Homoeorhynchia,,,batalleri,1,1,1,1,1
16.70,c,1,Homoeorhynchia,,,meridionalis,1,1,1,1,1
16.70,c,1,Homoeorhynchia,,,meridionalis,1,1,1,1,1
16.70,c,1,Homoeorhynchia,,,meridionalis,1,1,1,1,1
16.70,c,1,Lobothyris,,,hispanica,1,1,1,1,1
16.70,c,1,Lobothyris,,,hispanica,1,1,1,1,1
16.70,c,1,Lobothyris,,,hispanica,1,1,1,1,1
16.70,c,1,Lobothyris,,,hispanica,1,1,1,1,1
16.70,c,1,Lobothyris,,,hispanica,1,1,1,1,1
16.70,c,1,Lobothyris,,,hispanica,1,1,1,1,1
16.70,c,1,Lobothyris,,,hispanica,1,1,1,1,1
16.70,c,1,Lobothyris,,,hispanica,1,1,1,1,1
16.70,c,1,Lobothyris,,,hispanica,1,1,1,1,1
16.70,c,1,Sphaeroidothyris,,,dubari,1,1,1,1,1
16.70,c,1,Sphaeroidothyris,,,dubari,1,1,1,1,1
16.70,c,1,Sphaeroidothyris,,,dubari,1,1,1,1,1
16.70,c,1,Sphaeroidothyris,,,dubari,1,1,1,1,1
16.70,c,1,Sphaeroidothyris,,,dubari,1,1,1,1,1
16.70,c,1,Sphaeroidothyris,,,dubari,1,1,1,1,1
16.70,c,1,Sphaeroidothyris,,,dubari,1,1,1,1,1
16.70,c,1,Sphaeroidothyris,,,dubari,1,1,1,1,1
16.70,c,1,Sphaeroidothyris,,,dubari,1,1,1,1,1
16.70,c,1,Sphaeroidothyris,,,dubari,1,1,1,1,1
16.70,c,1,Sphaeroidothyris,,,dubari,1,1,1,1,1
16.70,c,1,Sphaeroidothyris,,,dubari,1,1,1,1,1
16.70,c,1,Sphaeroidothyris,,,dubari,1,1,1,1,1
16.70,c,1,Sphaeroidothyris,,,perfida,1,1,1,1,1
16.70,c,1,Sphaeroidothyris,,,perfida,1,1,1,1,1
16.70,c,1,Telothyris,,,pyrenaica,1,1,1,1,1
16.70,c,1,Telothyris,,,pyrenaica,1,1,1,1,1
16.70,c,1,Telothyris,,,pyrenaica,1,1,1,1,1
16.70,c,1,Telothyris,,,pyrenaica,1,1,1,1,1
16.70,c,1,Telothyris,,,pyrenaica,1,1,1,1,1
16.70,c,1,Telothyris,,,pyrenaica,1,1,1,1,1
16.70,c,1,Telothyris,,,pyrenaica,1,1,1,1,1
16.70,c,1,Telothyris,,,pyrenaica,1,1,1,1,1
16.70,c,1,Telothyris,,,pyrenaica,1,1,1,1,1
16.70,c,1,Telothyris,,,pyrenaica,1,1,1,1,1
16.70,c,1,Telothyris,,,pyrenaica,1,1,1,1,1
16.70,c,1,Telothyris,,,pyrenaica,1,1,1,1,1
16.70,c,1,Telothyris,,,pyrenaica,1,1,1,1,1
16.70,c,1,Telothyris,,,pyrenaica,1,1,1,1,1
16.70,c,1,Telothyris,,,pyrenaica,1,1,1,1,1
16.70,c,1,Telothyris,,,pyrenaica,1,1,1,1,1
16.70,c,1,Telothyris,,,pyrenaica,1,1,1,1,1
16.70,c,1,Telothyris,,,pyrenaica,1,1,1,1,1
16.70,c,1,Telothyris,,,pyrenaica,1,1,1,1,1
16.70,c,1,Telothyris,,,pyrenaica,1,1,1,1,1
16.70,c,2,Camptonectes,Camptonectes,,subulatus,6,2,1,1,1
16.70,c,2,Camptonectes,Camptonectes,,subulatus,6,2,1,1,1
16.70,c,2,Entolium,,,corneolum,5,2,1,1,1
16.70,c,2,Entolium,,,corneolum,5,2,1,1,1
16.70,c,2,Entolium,,,corneolum,5,2,1,1,1
16.70,c,2,Entolium,,,corneolum,5,2,1,1,1
16.70,c,2,Entolium,,,corneolum,5,2,1,1,1
16.70,c,2,Entolium,,,corneolum,5,2,1,1,1
16.70,c,2,Entolium,,,corneolum,5,2,1,1,1
16.70,c,2,Entolium,,,corneolum,5,2,1,1,1
16.70,c,2,Entolium,,,corneolum,5,2,1,1,1
16.70,c,2,Eopecten,,,velatus,2,1,1,1,1
16.70,c,2,Eopecten,,,velatus,2,1,1,1,1
16.70,c,2,Grammatodon,Grammatodon,,concinnus,6,2,1,1,1
16.70,c,2,Grammatodon,Grammatodon,,concinnus,6,2,1,1,1
16.70,c,2,Grammatodon,Grammatodon,,concinnus,6,2,1,1,1
16.70,c,2,Grammatodon,Grammatodon,,concinnus,6,2,1,1,1
16.70,c,2,Grammatodon,Grammatodon,,concinnus,6,2,1,1,1
16.70,c,2,Grammatodon,Grammatodon,,concinnus,6,2,1,1,1
16.70,c,2,Grammatodon,Grammatodon,,concinnus,6,2,1,1,1
16.70,c,2,Gryphaea,Bilobissa,,sublobata,4,1,1,1,1
16.70,c,2,Gryphaea,Bilobissa,,sublobata,4,1,1,1,1
16.70,c,2,Gryphaea,Bilobissa,,sublobata,4,1,1,1,1
16.70,c,2,Gryphaea,Bilobissa,,sublobata,4,1,1,1,1
16.70,c,2,Gryphaea,Bilobissa,,sublobata,4,1,1,1,1
16.70,c,2,Plagiostoma,,,punctatum,2,1,1,1,1
16.70,c,2,Plagiostoma,,,punctatum,2,1,1,1,1
16.70,c,3,Ampullospira,,,sp.,7,2,4,2,1
16.70,c,3,Katosira,,,sp. A,7,2,4,2,1
16.70,c,3,Katosira,,,sp. A,7,2,4,2,1
16.70,c,3,Katosira,,,sp. A,7,2,4,2,1
16.70,c,3,Katosira,,,sp. A,7,2,4,2,1
16.70,c,3,Oonia,,,sp.,7,2,4,2,1
16.70,c,3,Oonia,,,sp.,7,2,4,2,1
16.70,c,3,Oonia,,,sp.,7,2,4,2,1
16.70,c,3,Oonia,,,sp.,7,2,4,2,1
16.70,c,3,Oonia,,,sp.,7,2,4,2,1
16.70,c,3,Oonia,,,sp.,7,2,4,2,1
16.70,c,3,Pseudomelania,,,sp.,7,2,4,2,1
16.70,c,3,Pseudomelania,,,sp.,7,2,4,2,1
17.30,c,1,Choffatirhynchia,,,vasconcellosi,1,1,1,1,1
17.30,c,1,Homoeorhynchia,,,batalleri,1,1,1,1,1
17.30,c,1,Homoeorhynchia,,,meridionalis,1,1,1,1,1
17.30,c,1,Homoeorhynchia,,,meridionalis,1,1,1,1,1
17.30,c,1,Sphaeroidothyris,,,dubari,1,1,1,1,1
17.30,c,1,Sphaeroidothyris,,,dubari,1,1,1,1,1
17.30,c,1,Sphaeroidothyris,,,dubari,1,1,1,1,1
17.30,c,1,Sphaeroidothyris,,,perfida,1,1,1,1,1
17.30,c,1,Telothyris,,,pyrenaica,1,1,1,1,1
17.30,c,1,Telothyris,,,pyrenaica,1,1,1,1,1
17.30,c,1,Telothyris,,,pyrenaica,1,1,1,1,1
17.30,c,1,Telothyris,,,pyrenaica,1,1,1,1,1
17.30,c,1,Telothyris,,,pyrenaica,1,1,1,1,1
17.30,c,1,Telothyris,,,pyrenaica,1,1,1,1,1
17.30,c,2,Camptonectes,Camptonectes,,subulatus,6,2,1,1,1
17.30,c,2,Camptonectes,Camptonectes,,subulatus,6,2,1,1,1
17.30,c,2,Camptonectes,Camptonectes,,subulatus,6,2,1,1,1
17.30,c,2,Entolium,,,corneolum,5,2,1,1,1
17.30,c,2,Entolium,,,corneolum,5,2,1,1,1
17.30,c,2,Entolium,,,corneolum,5,2,1,1,1
17.30,c,2,Entolium,,,corneolum,5,2,1,1,1
17.30,c,2,Entolium,,,corneolum,5,2,1,1,1
17.30,c,2,Entolium,,,corneolum,5,2,1,1,1
17.30,c,2,Entolium,,,corneolum,5,2,1,1,1
17.30,c,2,Entolium,,,corneolum,5,2,1,1,1
17.30,c,2,Entolium,,,corneolum,5,2,1,1,1
17.30,c,2,Entolium,,,corneolum,5,2,1,1,1
17.30,c,2,Eopecten,,,velatus,2,1,1,1,1
17.30,c,2,Grammatodon,Grammatodon,,concinnus,6,2,1,1,1
17.30,c,2,Grammatodon,Grammatodon,,concinnus,6,2,1,1,1
17.30,c,2,Gryphaea,Bilobissa,,sublobata,4,1,1,1,1
17.30,c,2,Gryphaea,Bilobissa,,sublobata,4,1,1,1,1
17.30,c,2,Gryphaea,Bilobissa,,sublobata,4,1,1,1,1
17.30,c,2,Plagiostoma,,,giganteum,4,1,1,1,1
17.30,c,2,Plagiostoma,,,giganteum,4,1,1,1,1
17.30,c,2,Plagiostoma,,,giganteum,4,1,1,1,1
17.30,c,2,Plagiostoma,,,punctatum,2,1,1,1,1
17.30,c,3,Katosira,,,sp. A,7,2,4,2,1
17.30,c,3,Katosira,,,sp. A,7,2,4,2,1
17.30,c,3,Katosira,,,sp. A,7,2,4,2,1
17.30,c,3,Katosira,,,sp. A,7,2,4,2,1
17.30,c,3,Katosira,,,sp. A,7,2,4,2,1
17.30,c,3,Katosira,,,sp. A,7,2,4,2,1
17.30,c,3,Neritopsis,,,sp.,7,2,4,2,1
17.30,c,3,Oonia,,,sp.,7,2,4,2,1
17.30,c,3,Oonia,,,sp.,7,2,4,2,1
17.30,c,3,Oonia,,,sp.,7,2,4,2,1
17.30,c,3,Oonia,,,sp.,7,2,4,2,1
17.95,c,1,Telothyris,,,pyrenaica,1,1,1,1,1
17.95,c,1,Telothyris,,,pyrenaica,1,1,1,1,1
17.95,c,1,Telothyris,,,pyrenaica,1,1,1,1,1
17.95,c,1,Telothyris,,,pyrenaica,1,1,1,1,1
17.95,c,1,Telothyris,,,pyrenaica,1,1,1,1,1
17.95,c,1,Telothyris,,,pyrenaica,1,1,1,1,1
17.95,c,2,Camptonectes,Camptonectes,,subulatus,6,2,1,1,1
17.95,c,2,Camptonectes,Camptonectes,,subulatus,6,2,1,1,1
17.95,c,2,Camptonectes,Camptonectes,,subulatus,6,2,1,1,1
17.95,c,2,Camptonectes,Camptonectes,,subulatus,6,2,1,1,1
17.95,c,2,Camptonectes,Camptonectes,,subulatus,6,2,1,1,1
17.95,c,2,Camptonectes,Camptonectes,,subulatus,6,2,1,1,1
17.95,c,2,Entolium,,,corneolum,5,2,1,1,1
17.95,c,2,Entolium,,,corneolum,5,2,1,1,1
17.95,c,2,Entolium,,,corneolum,5,2,1,1,1
17.95,c,2,Entolium,,,corneolum,5,2,1,1,1
17.95,c,2,Entolium,,,corneolum,5,2,1,1,1
17.95,c,2,Entolium,,,corneolum,5,2,1,1,1
17.95,c,2,Entolium,,,corneolum,5,2,1,1,1
17.95,c,2,Entolium,,,corneolum,5,2,1,1,1
17.95,c,2,Entolium,,,corneolum,5,2,1,1,1
17.95,c,2,Entolium,,,corneolum,5,2,1,1,1
17.95,c,2,Entolium,,,corneolum,5,2,1,1,1
17.95,c,2,Entolium,,,corneolum,5,2,1,1,1
17.95,c,2,Entolium,,,corneolum,5,2,1,1,1
17.95,c,2,Entolium,,,corneolum,5,2,1,1,1
17.95,c,2,Entolium,,,corneolum,5,2,1,1,1
17.95,c,2,Eopecten,,,velatus,2,1,1,1,1
17.95,c,2,Grammatodon,Grammatodon,,concinnus,6,2,1,1,1
17.95,c,2,Grammatodon,Grammatodon,,concinnus,6,2,1,1,1
17.95,c,2,Grammatodon,Grammatodon,,concinnus,6,2,1,1,1
17.95,c,2,Grammatodon,Grammatodon,,concinnus,6,2,1,1,1
17.95,c,2,Plagiostoma,,,giganteum,4,1,1,1,1
17.95,c,2,Plagiostoma,,,giganteum,4,1,1,1,1
17.95,c,2,Pseudolimea,,,duplicata,2,1,1,1,1
17.95,c,2,Pseudolimea,,,duplicata,2,1,1,1,1
17.95,c,2,Pseudolimea,,,duplicata,2,1,1,1,1
17.95,c,2,Pseudolimea,,,duplicata,2,1,1,1,1
17.95,c,3,Ampullospira,,,sp.,7,2,4,2,1
17.95,c,3,Ampullospira,,,sp.,7,2,4,2,1
17.95,c,3,Pseudomelania,,,sp.,7,2,4,2,1
17.95,c,3,Pseudomelania,,,sp.,7,2,4,2,1
18.35,c,1,Homoeorhynchia,,,meridionalis,1,1,1,1,1
18.35,c,1,Lobothyris,,,hispanica,1,1,1,1,1
18.35,c,1,Lobothyris,,,hispanica,1,1,1,1,1
18.35,c,1,Lobothyris,,,hispanica,1,1,1,1,1
18.35,c,1,Lobothyris,,,hispanica,1,1,1,1,1
18.35,c,1,Lobothyris,,,hispanica,1,1,1,1,1
18.35,c,1,Lobothyris,,,hispanica,1,1,1,1,1
18.35,c,1,Lobothyris,,,hispanica,1,1,1,1,1
18.35,c,1,Lobothyris,,,hispanica,1,1,1,1,1
18.35,c,1,Telothyris,,,pyrenaica,1,1,1,1,1
18.35,c,1,Telothyris,,,pyrenaica,1,1,1,1,1
18.35,c,1,Telothyris,,,pyrenaica,1,1,1,1,1
18.35,c,1,Telothyris,,,pyrenaica,1,1,1,1,1
18.35,c,1,Telothyris,,,pyrenaica,1,1,1,1,1
18.35,c,2,Entolium,,,corneolum,5,2,1,1,1
18.35,c,2,Entolium,,,corneolum,5,2,1,1,1
18.35,c,2,Entolium,,,corneolum,5,2,1,1,1
18.35,c,2,Entolium,,,corneolum,5,2,1,1,1
18.35,c,2,Entolium,,,corneolum,5,2,1,1,1
18.35,c,2,Entolium,,,corneolum,5,2,1,1,1
18.35,c,2,Eopecten,,,velatus,2,1,1,1,1
18.35,c,2,Grammatodon,Grammatodon,,concinnus,6,2,1,1,1
18.35,c,2,Grammatodon,Grammatodon,,concinnus,6,2,1,1,1
18.35,c,2,Grammatodon,Grammatodon,,concinnus,6,2,1,1,1
18.35,c,2,Grammatodon,Grammatodon,,concinnus,6,2,1,1,1
18.35,c,2,Plagiostoma,,,giganteum,4,1,1,1,1
18.35,c,2,Plagiostoma,,,giganteum,4,1,1,1,1
18.35,c,2,Plagiostoma,,,giganteum,4,1,1,1,1
18.35,c,3,Ampullospira,,,sp.,7,2,4,2,1
18.35,c,3,Ampullospira,,,sp.,7,2,4,2,1
18.35,c,3,Katosira,,,sp.B,7,2,4,2,1
18.85,c,1,Homoeorhynchia,,,meridionalis,1,1,1,1,1
18.85,c,1,Homoeorhynchia,,,meridionalis,1,1,1,1,1
18.85,c,1,Homoeorhynchia,,,meridionalis,1,1,1,1,1
18.85,c,1,Homoeorhynchia,,,meridionalis,1,1,1,1,1
18.85,c,1,Lobothyris,,,hispanica,1,1,1,1,1
18.85,c,1,Lobothyris,,,hispanica,1,1,1,1,1
18.85,c,1,Lobothyris,,,hispanica,1,1,1,1,1
18.85,c,1,Lobothyris,,,hispanica,1,1,1,1,1
18.85,c,1,Sphaeroidothyris,,,dubari,1,1,1,1,1
18.85,c,1,Sphaeroidothyris,,,dubari,1,1,1,1,1
18.85,c,1,Sphaeroidothyris,,,dubari,1,1,1,1,1
18.85,c,1,Telothyris,,,pyrenaica,1,1,1,1,1
18.85,c,1,Telothyris,,,pyrenaica,1,1,1,1,1
18.85,c,1,Telothyris,,,pyrenaica,1,1,1,1,1
18.85,c,1,Telothyris,,,pyrenaica,1,1,1,1,1
18.85,c,2,Camptonectes,Camptonectes,,subulatus,6,2,1,1,1
18.85,c,2,Entolium,,,corneolum,5,2,1,1,1
18.85,c,2,Entolium,,,corneolum,5,2,1,1,1
18.85,c,2,Grammatodon,Grammatodon,,concinnus,6,2,1,1,1
18.85,c,2,Grammatodon,Grammatodon,,concinnus,6,2,1,1,1
18.85,c,2,Grammatodon,Grammatodon,,concinnus,6,2,1,1,1
18.85,c,2,Plagiostoma,,,giganteum,4,1,1,1,1
18.85,c,2,Spondylopecten,,cf.,subspinosus,2,1,1,1,1
18.85,c,2,Spondylopecten,,cf.,subspinosus,2,1,1,1,1
18.85,c,3,Ampullospira,,,sp.,7,2,4,2,1
18.85,c,3,Ampullospira,,,sp.,7,2,4,2,1
18.85,c,3,Oonia,,,sp.,7,2,4,2,1
18.85,c,3,Oonia,,,sp.,7,2,4,2,1
18.85,c,3,Oonia,,,sp.,7,2,4,2,1
18.85,c,4,Montlivaltia,,,sp.,4,1,5,2,1
19.35,c,1,Homoeorhynchia,,,meridionalis,1,1,1,1,1
19.35,c,1,Homoeorhynchia,,,meridionalis,1,1,1,1,1
19.35,c,1,Lobothyris,,,hispanica,1,1,1,1,1
19.35,c,1,Lobothyris,,,hispanica,1,1,1,1,1
19.35,c,1,Lobothyris,,,hispanica,1,1,1,1,1
19.35,c,1,Lobothyris,,,hispanica,1,1,1,1,1
19.35,c,1,Lobothyris,,,hispanica,1,1,1,1,1
19.35,c,1,Sphaeroidothyris,,,dubari,1,1,1,1,1
19.35,c,1,Telothyris,,,pyrenaica,1,1,1,1,1
19.35,c,1,Telothyris,,,pyrenaica,1,1,1,1,1
19.35,c,1,Telothyris,,,pyrenaica,1,1,1,1,1
19.35,c,2,Camptonectes,Camptonectes,,auritus,6,2,1,1,1
19.35,c,2,Camptonectes,Camptonectes,,auritus,6,2,1,1,1
19.35,c,2,Entolium,,,corneolum,5,2,1,1,1
19.35,c,2,Eopecten,,,velatus,2,1,1,1,1
19.35,c,2,Eopecten,,,velatus,2,1,1,1,1
19.35,c,2,Eopecten,,,velatus,2,1,1,1,1
19.35,c,2,Gryphaea,Gryphaea,cf.,dumortieri,4,1,1,1,1
19.35,c,2,Gryphaea,Gryphaea,cf.,dumortieri,4,1,1,1,1
19.35,c,2,Gryphaea,Gryphaea,cf.,dumortieri,4,1,1,1,1
19.35,c,2,Plagiostoma,,,giganteum,4,1,1,1,1
19.35,c,2,Plagiostoma,,,giganteum,4,1,1,1,1
19.35,c,3,Ampullospira,,,sp.,7,2,4,2,1
19.35,c,3,Ampullospira,,,sp.,7,2,4,2,1
19.35,c,3,Katosira,,,sp. A,7,2,4,2,1
19.35,c,3,Katosira,,,sp. A,7,2,4,2,1
19.35,c,3,Pseudomelania,,,sp.,7,2,4,2,1
19.35,c,3,Pseudomelania,,,sp.,7,2,4,2,1
19.35,c,3,Pseudomelania,,,sp.,7,2,4,2,1
19.35,c,3,Pseudomelania,,,sp.,7,2,4,2,1
19.35,c,3,Pseudomelania,,,sp.,7,2,4,2,1
19.35,c,4,Montlivaltia,,,sp.,4,1,5,2,1
19.85,c,1,Choffatirhynchia,,,vasconcellosi,1,1,1,1,1
19.85,c,1,Homoeorhynchia,,,batalleri,1,1,1,1,1
19.85,c,1,Homoeorhynchia,,,meridionalis,1,1,1,1,1
19.85,c,1,Sphaeroidothyris,,,dubari,1,1,1,1,1
19.85,c,1,Telothyris,,,pyrenaica,1,1,1,1,1
19.85,c,1,Telothyris,,,pyrenaica,1,1,1,1,1
19.85,c,1,Telothyris,,,pyrenaica,1,1,1,1,1
19.85,c,1,Telothyris,,,pyrenaica,1,1,1,1,1
19.85,c,1,Telothyris,,,pyrenaica,1,1,1,1,1
19.85,c,1,Telothyris,,,pyrenaica,1,1,1,1,1
19.85,c,1,Telothyris,,,pyrenaica,1,1,1,1,1
19.85,c,1,Telothyris,,,pyrenaica,1,1,1,1,1
19.85,c,1,Telothyris,,,pyrenaica,1,1,1,1,1
19.85,c,1,Telothyris,,,pyrenaica,1,1,1,1,1
19.85,c,1,Telothyris,,,pyrenaica,1,1,1,1,1
19.85,c,1,Telothyris,,,pyrenaica,1,1,1,1,1
19.85,c,2,Camptonectes,Camptonectes,,subulatus,6,2,1,1,1
19.85,c,2,Camptonectes,Camptonectes,,subulatus,6,2,1,1,1
19.85,c,2,Entolium,,,corneolum,5,2,1,1,1
19.85,c,2,Entolium,,,corneolum,5,2,1,1,1
19.85,c,2,Entolium,,,corneolum,5,2,1,1,1
19.85,c,2,Entolium,,,corneolum,5,2,1,1,1
19.85,c,2,Entolium,,,corneolum,5,2,1,1,1
19.85,c,2,Entolium,,,corneolum,5,2,1,1,1
19.85,c,2,Eopecten,,,velatus,2,1,1,1,1
19.85,c,2,Eopecten,,,velatus,2,1,1,1,1
19.85,c,2,Grammatodon,Grammatodon,,concinnus,6,2,1,1,1
19.85,c,2,Grammatodon,Grammatodon,,concinnus,6,2,1,1,1
19.85,c,2,Gryphaea,Gryphaea,cf.,dumortieri,4,1,1,1,1
19.85,c,2,Gryphaea,Gryphaea,cf.,dumortieri,4,1,1,1,1
19.85,c,2,Plagiostoma,,,giganteum,4,1,1,1,1
19.85,c,2,Plagiostoma,,,giganteum,4,1,1,1,1
19.85,c,2,Plagiostoma,,,giganteum,4,1,1,1,1
19.85,c,2,Plagiostoma,,,punctatum,2,1,1,1,1
19.85,c,2,Spondylopecten,,cf.,subspinosus,2,1,1,1,1
19.85,c,2,Spondylopecten,,cf.,subspinosus,2,1,1,1,1
19.85,c,3,Pseudomelania,,,sp.,7,2,4,2,1
19.85,c,4,Montlivaltia,,,sp.,4,1,5,2,1
20.45,c,1,Telothyris,,,pyrenaica,1,1,1,1,1
20.45,c,2,Entolium,,,corneolum,5,2,1,1,1
20.45,c,2,Entolium,,,corneolum,5,2,1,1,1
20.45,c,2,Grammatodon,Grammatodon,,concinnus,6,2,1,1,1
20.45,c,2,Grammatodon,Grammatodon,,concinnus,6,2,1,1,1
20.45,c,2,Grammatodon,Grammatodon,,concinnus,6,2,1,1,1
20.45,c,2,Grammatodon,Grammatodon,,concinnus,6,2,1,1,1
20.45,c,3,Katosira,,,sp.B,7,2,4,2,1
20.45,c,3,Pseudomelania,,,sp.,7,2,4,2,1
21.45,c,1,Choffatirhynchia,,,vasconcellosi,1,1,1,1,1
21.45,c,1,Sphaeroidothyris,,,dubari,1,1,1,1,1
21.45,c,1,Sphaeroidothyris,,,dubari,1,1,1,1,1
21.45,c,1,Sphaeroidothyris,,,dubari,1,1,1,1,1
21.45,c,1,Sphaeroidothyris,,,dubari,1,1,1,1,1
21.45,c,1,Sphaeroidothyris,,,dubari,1,1,1,1,1
21.45,c,1,Telothyris,,,pyrenaica,1,1,1,1,1
21.45,c,1,Telothyris,,,pyrenaica,1,1,1,1,1
21.45,c,1,Telothyris,,,pyrenaica,1,1,1,1,1
21.45,c,1,Telothyris,,,pyrenaica,1,1,1,1,1
21.45,c,1,Telothyris,,,pyrenaica,1,1,1,1,1
21.45,c,1,Telothyris,,,pyrenaica,1,1,1,1,1
21.45,c,1,Telothyris,,,pyrenaica,1,1,1,1,1
21.45,c,2,Arcomytilus,,,asper,2,1,1,1,1
21.45,c,2,Camptonectes,Camptonectes,,subulatus,6,2,1,1,1
21.45,c,2,Camptonectes,Camptonectes,,subulatus,6,2,1,1,1
21.45,c,2,Entolium,,,corneolum,5,2,1,1,1
21.45,c,3,Ampullospira,,,sp.,7,2,4,2,1
21.45,c,3,Katosira,,,sp.B,7,2,4,2,1
22.65,c,1,Homoeorhynchia,,,batalleri,1,1,1,1,1
22.65,c,1,Telothyris,,,pyrenaica,1,1,1,1,1
22.65,c,1,Telothyris,,,pyrenaica,1,1,1,1,1
22.65,c,1,Telothyris,,,pyrenaica,1,1,1,1,1
22.65,c,2,Entolium,,,corneolum,5,2,1,1,1
22.65,c,2,Entolium,,,corneolum,5,2,1,1,1
22.65,c,2,Entolium,,,corneolum,5,2,1,1,1
22.65,c,2,Entolium,,,corneolum,5,2,1,1,1
22.65,c,2,Entolium,,,corneolum,5,2,1,1,1
22.65,c,3,Ampullospira,,,sp.,7,2,4,2,1
22.65,c,3,Ampullospira,,,sp.,7,2,4,2,1
22.65,c,3,Pseudomelania,,,sp.,7,2,4,2,1
23.45,c,1,Homoeorhynchia,,,batalleri,1,1,1,1,1
23.45,c,1,Sphaeroidothyris,,,dubari,1,1,1,1,1
23.45,c,1,Telothyris,,,pyrenaica,1,1,1,1,1
23.45,c,1,Telothyris,,,pyrenaica,1,1,1,1,1
23.45,c,1,Telothyris,,,pyrenaica,1,1,1,1,1
23.45,c,1,Telothyris,,,pyrenaica,1,1,1,1,1
23.45,c,4,Montlivaltia,,,sp.,4,1,5,2,1
24.55,c,1,Homoeorhynchia,,,meridionalis,1,1,1,1,1
24.55,c,1,Homoeorhynchia,,,meridionalis,1,1,1,1,1
24.55,c,1,Homoeorhynchia,,,meridionalis,1,1,1,1,1
24.55,c,1,Homoeorhynchia,,,meridionalis,1,1,1,1,1
24.55,c,1,Homoeorhynchia,,,meridionalis,1,1,1,1,1
24.55,c,1,Homoeorhynchia,,,meridionalis,1,1,1,1,1
24.55,c,1,Homoeorhynchia,,,meridionalis,1,1,1,1,1
24.55,c,1,Homoeorhynchia,,,meridionalis,1,1,1,1,1
24.55,c,1,Homoeorhynchia,,,meridionalis,1,1,1,1,1
24.55,c,1,Homoeorhynchia,,,meridionalis,1,1,1,1,1
24.55,c,1,Homoeorhynchia,,,meridionalis,1,1,1,1,1
24.55,c,1,Homoeorhynchia,,,meridionalis,1,1,1,1,1
24.55,c,1,Homoeorhynchia,,,meridionalis,1,1,1,1,1
24.55,c,1,Homoeorhynchia,,,meridionalis,1,1,1,1,1
24.55,c,1,Homoeorhynchia,,,meridionalis,1,1,1,1,1
24.55,c,1,Homoeorhynchia,,,meridionalis,1,1,1,1,1
24.55,c,1,Homoeorhynchia,,,meridionalis,1,1,1,1,1
24.55,c,1,Homoeorhynchia,,,meridionalis,1,1,1,1,1
24.55,c,1,Homoeorhynchia,,,meridionalis,1,1,1,1,1
24.55,c,1,Homoeorhynchia,,,meridionalis,1,1,1,1,1
24.55,c,1,Telothyris,,,pyrenaica,1,1,1,1,1
24.55,c,1,Telothyris,,,pyrenaica,1,1,1,1,1
24.55,c,1,Telothyris,,,pyrenaica,1,1,1,1,1
24.55,c,1,Telothyris,,,pyrenaica,1,1,1,1,1
24.55,c,1,Telothyris,,,pyrenaica,1,1,1,1,1
24.55,c,1,Telothyris,,,pyrenaica,1,1,1,1,1
24.55,c,1,Telothyris,,,pyrenaica,1,1,1,1,1
24.55,c,1,Telothyris,,,pyrenaica,1,1,1,1,1
24.55,c,1,Telothyris,,,pyrenaica,1,1,1,1,1
24.55,c,1,Telothyris,,,pyrenaica,1,1,1,1,1
24.55,c,1,Telothyris,,,pyrenaica,1,1,1,1,1
24.55,c,1,Telothyris,,,pyrenaica,1,1,1,1,1
24.55,c,2,Grammatodon,Grammatodon,,concinnus,6,2,1,1,1
24.55,c,2,Grammatodon,Grammatodon,,concinnus,6,2,1,1,1
24.55,c,2,Grammatodon,Grammatodon,,concinnus,6,2,1,1,1
24.55,c,2,Plagiostoma,,,giganteum,4,1,1,1,1
24.55,c,2,Plagiostoma,,,giganteum,4,1,1,1,1
24.55,c,2,Plagiostoma,,,punctatum,2,1,1,1,1
24.55,c,4,Montlivaltia,,,sp.,4,1,5,2,1
24.55,c,4,Montlivaltia,,,sp.,4,1,5,2,1
24.55,c,4,Montlivaltia,,,sp.,4,1,5,2,1
24.55,c,4,Montlivaltia,,,sp.,4,1,5,2,1
24.55,c,4,Montlivaltia,,,sp.,4,1,5,2,1
24.55,c,4,Montlivaltia,,,sp.,4,1,5,2,1
24.55,c,4,Montlivaltia,,,sp.,4,1,5,2,1
24.55,c,4,Montlivaltia,,,sp.,4,1,5,2,1
24.55,c,4,Montlivaltia,,,sp.,4,1,5,2,1
24.55,c,4,Montlivaltia,,,sp.,4,1,5,2,1
24.55,c,4,Montlivaltia,,,sp.,4,1,5,2,1
24.55,c,4,Montlivaltia,,,sp.,4,1,5,2,1
24.55,c,4,Montlivaltia,,,sp.,4,1,5,2,1
24.55,c,4,Montlivaltia,,,sp.,4,1,5,2,1
24.55,c,4,Montlivaltia,,,sp.,4,1,5,2,1
24.55,c,4,Montlivaltia,,,sp.,4,1,5,2,1
24.55,c,4,Montlivaltia,,,sp.,4,1,5,2,1
24.55,c,4,Montlivaltia,,,sp.,4,1,5,2,1
24.55,c,4,Montlivaltia,,,sp.,4,1,5,2,1
24.55,c,4,Montlivaltia,,,sp.,4,1,5,2,1
24.55,c,4,Montlivaltia,,,sp.,4,1,5,2,1
25.55,c,1,Homoeorhynchia,,,meridionalis,1,1,1,1,1
25.55,c,1,Homoeorhynchia,,,meridionalis,1,1,1,1,1
25.55,c,1,Homoeorhynchia,,,meridionalis,1,1,1,1,1
25.55,c,1,Homoeorhynchia,,,meridionalis,1,1,1,1,1
25.55,c,1,Homoeorhynchia,,,meridionalis,1,1,1,1,1
25.55,c,1,Homoeorhynchia,,,meridionalis,1,1,1,1,1
25.55,c,1,Sphaeroidothyris,,,perfida,1,1,1,1,1
25.55,c,1,Telothyris,,,pyrenaica,1,1,1,1,1
25.55,c,1,Telothyris,,,pyrenaica,1,1,1,1,1
25.55,c,1,Telothyris,,,pyrenaica,1,1,1,1,1
25.55,c,2,Actinostreon,,,sp.,3,1,1,1,1
25.55,c,2,Actinostreon,,,sp.,3,1,1,1,1
25.55,c,2,Entolium,,,corneolum,5,2,1,1,1
25.55,c,2,Grammatodon,Grammatodon,,concinnus,6,2,1,1,1
25.55,c,2,Grammatodon,Grammatodon,,concinnus,6,2,1,1,1
25.55,c,2,Grammatodon,Grammatodon,,concinnus,6,2,1,1,1
25.55,c,2,Grammatodon,Grammatodon,,concinnus,6,2,1,1,1
25.55,c,2,Grammatodon,Grammatodon,,concinnus,6,2,1,1,1
25.55,c,2,Gryphaea,Bilobissa,,sublobata,4,1,1,1,1
25.55,c,3,Cylindrobullina,,,sp.,7,2,4,2,1
25.55,c,4,Montlivaltia,,,sp.,4,1,5,2,1
26.70,c,1,Homoeorhynchia,,,meridionalis,1,1,1,1,1
26.70,c,1,Homoeorhynchia,,,meridionalis,1,1,1,1,1
26.70,c,1,Homoeorhynchia,,,meridionalis,1,1,1,1,1
26.70,c,1,Homoeorhynchia,,,meridionalis,1,1,1,1,1
26.70,c,1,Homoeorhynchia,,,meridionalis,1,1,1,1,1
26.70,c,1,Homoeorhynchia,,,meridionalis,1,1,1,1,1
26.70,c,1,Homoeorhynchia,,,meridionalis,1,1,1,1,1
26.70,c,1,Homoeorhynchia,,,meridionalis,1,1,1,1,1
26.70,c,1,Homoeorhynchia,,,meridionalis,1,1,1,1,1
26.70,c,1,Homoeorhynchia,,,meridionalis,1,1,1,1,1
26.70,c,1,Lobothyris,,,hispanica,1,1,1,1,1
26.70,c,1,Lobothyris,,,hispanica,1,1,1,1,1
26.70,c,1,Lobothyris,,,hispanica,1,1,1,1,1
26.70,c,1,Sphaeroidothyris,,,perfida,1,1,1,1,1
26.70,c,1,Telothyris,,,pyrenaica,1,1,1,1,1
26.70,c,1,Telothyris,,,pyrenaica,1,1,1,1,1
26.70,c,1,Telothyris,,,pyrenaica,1,1,1,1,1
26.70,c,1,Telothyris,,,pyrenaica,1,1,1,1,1
26.70,c,1,Telothyris,,,pyrenaica,1,1,1,1,1
26.70,c,1,Telothyris,,,pyrenaica,1,1,1,1,1
26.70,c,1,Telothyris,,,pyrenaica,1,1,1,1,1
26.70,c,1,Telothyris,,,pyrenaica,1,1,1,1,1
26.70,c,1,Telothyris,,,pyrenaica,1,1,1,1,1
26.70,c,1,Telothyris,,,pyrenaica,1,1,1,1,1
26.70,c,1,Telothyris,,,pyrenaica,1,1,1,1,1
26.70,c,1,Telothyris,,,pyrenaica,1,1,1,1,1
26.70,c,1,Telothyris,,,pyrenaica,1,1,1,1,1
26.70,c,1,Telothyris,,,pyrenaica,1,1,1,1,1
26.70,c,1,Telothyris,,,pyrenaica,1,1,1,1,1
26.70,c,1,Telothyris,,,pyrenaica,1,1,1,1,1
26.70,c,1,Telothyris,,,pyrenaica,1,1,1,1,1
26.70,c,1,Telothyris,,,pyrenaica,1,1,1,1,1
26.70,c,1,Telothyris,,,pyrenaica,1,1,1,1,1
26.70,c,1,Telothyris,,,pyrenaica,1,1,1,1,1
26.70,c,1,Telothyris,,,pyrenaica,1,1,1,1,1
26.70,c,1,Telothyris,,,pyrenaica,1,1,1,1,1
26.70,c,1,Telothyris,,,pyrenaica,1,1,1,1,1
26.70,c,1,Telothyris,,,pyrenaica,1,1,1,1,1
26.70,c,1,Telothyris,,,pyrenaica,1,1,1,1,1
26.70,c,1,Telothyris,,,pyrenaica,1,1,1,1,1
26.70,c,1,Telothyris,,,pyrenaica,1,1,1,1,1
26.70,c,1,Telothyris,,,pyrenaica,1,1,1,1,1
26.70,c,1,Telothyris,,,pyrenaica,1,1,1,1,1
26.70,c,1,Telothyris,,,pyrenaica,1,1,1,1,1
26.70,c,1,Telothyris,,,pyrenaica,1,1,1,1,1
26.70,c,1,Telothyris,,,pyrenaica,1,1,1,1,1
26.70,c,1,Telothyris,,,pyrenaica,1,1,1,1,1
26.70,c,2,Gryphaea,Bilobissa,,sublobata,4,1,1,1,1
26.70,c,2,Plagiostoma,,,giganteum,4,1,1,1,1
26.70,c,2,Pseudolimea,,,duplicata,2,1,1,1,1
26.70,c,2,Pseudolimea,,,duplicata,2,1,1,1,1
26.70,c,3,Pseudomelania,,,sp.,7,2,4,2,1
26.70,c,4,Montlivaltia,,,sp.,4,1,5,2,1
26.70,c,4,Montlivaltia,,,sp.,4,1,5,2,1
26.70,c,4,Montlivaltia,,,sp.,4,1,5,2,1
26.70,c,4,Montlivaltia,,,sp.,4,1,5,2,1
27.90,c,1,Telothyris,,,pyrenaica,1,1,1,1,1
27.90,c,1,Telothyris,,,pyrenaica,1,1,1,1,1
27.90,c,1,Telothyris,,,pyrenaica,1,1,1,1,1
27.90,c,1,Telothyris,,,pyrenaica,1,1,1,1,1
27.90,c,1,Telothyris,,,pyrenaica,1,1,1,1,1
27.90,c,1,Telothyris,,,pyrenaica,1,1,1,1,1
27.90,c,1,Telothyris,,,pyrenaica,1,1,1,1,1
27.90,c,2,Grammatodon,Grammatodon,,concinnus,6,2,1,1,1
27.90,c,2,Grammatodon,Grammatodon,,concinnus,6,2,1,1,1
27.90,c,2,Grammatodon,Grammatodon,,concinnus,6,2,1,1,1
27.90,c,3,Ampullospira,,,sp.,7,2,4,2,1
27.90,c,3,Pseudomelania,,,sp.,7,2,4,2,1
27.90,c,3,Pseudomelania,,,sp.,7,2,4,2,1
27.90,c,4,Montlivaltia,,,sp.,4,1,5,2,1
27.90,c,4,Montlivaltia,,,sp.,4,1,5,2,1
27.90,c,4,Montlivaltia,,,sp.,4,1,5,2,1
27.90,c,4,Montlivaltia,,,sp.,4,1,5,2,1
27.90,c,4,Montlivaltia,,,sp.,4,1,5,2,1
27.90,c,4,Montlivaltia,,,sp.,4,1,5,2,1
27.90,c,4,Montlivaltia,,,sp.,4,1,5,2,1
0.40,a,2,Parallelodon,,,hirsonensis,2,1,1,1,2
0.40,a,2,Pinna,Pinna,cf.,folium,2,1,1,1,2
1.60,a,2,Pinna,Pinna,cf.,folium,2,1,1,1,2
1.60,a,2,Pinna,Pinna,cf.,folium,2,1,1,1,2
1.60,a,2,Pinna,Pinna,cf.,folium,2,1,1,1,2
1.60,a,2,Pinna,Pinna,cf.,folium,2,1,1,1,2
1.60,a,2,Pinna,Pinna,cf.,folium,2,1,1,1,2
1.60,a,2,Pinna,Pinna,cf.,folium,2,1,1,1,2
3.40,a,2,Pinna,Pinna,cf.,folium,2,1,1,1,2
3.40,a,2,Pinna,Pinna,cf.,folium,2,1,1,1,2
3.40,a,2,Pinna,Pinna,cf.,folium,2,1,1,1,2
3.40,a,2,Pinna,Pinna,cf.,folium,2,1,1,1,2
3.40,a,2,Pinna,Pinna,cf.,folium,2,1,1,1,2
3.40,a,2,Pinna,Pinna,cf.,folium,2,1,1,1,2
4.00,a,2,Parallelodon,,,hirsonensis,2,1,1,1,2
4.60,a,2,Myoconcha,,,sp.,2,1,1,1,2
4.60,a,2,Myoconcha,,,sp.,2,1,1,1,2
4.60,a,2,Parallelodon,,,hirsonensis,2,1,1,1,2
4.60,a,2,Parallelodon,,,hirsonensis,2,1,1,1,2
4.60,a,2,Parallelodon,,,hirsonensis,2,1,1,1,2
4.60,a,2,Parallelodon,,,hirsonensis,2,1,1,1,2
4.60,a,2,Parallelodon,,,hirsonensis,2,1,1,1,2
5.20,a,2,Modiolus,Modiolus,,imbricatus,2,1,1,1,2
5.20,a,2,Parallelodon,,,hirsonensis,2,1,1,1,2
5.20,a,2,Pinna,Pinna,cf.,folium,2,1,1,1,2
5.20,a,2,Pinna,,,sp.,2,1,1,1,2
5.60,a,2,Pinna,Pinna,cf.,folium,2,1,1,1,2
5.60,a,2,Pinna,Pinna,cf.,folium,2,1,1,1,2
5.60,a,2,Pinna,Pinna,cf.,folium,2,1,1,1,2
5.90,a,2,Inoperna,,,sowerbiana,2,1,1,1,2
5.90,a,2,Modiolus,Modiolus,,imbricatus,2,1,1,1,2
5.90,a,2,Myoconcha,,,sp.,2,1,1,1,2
5.90,a,2,Pinna,Pinna,cf.,folium,2,1,1,1,2
5.90,a,2,Pinna,Pinna,cf.,folium,2,1,1,1,2
5.90,a,2,Pinna,Pinna,cf.,folium,2,1,1,1,2
5.90,a,2,Pinna,Pinna,cf.,folium,2,1,1,1,2
6.20,b,2,Modiolus,Modiolus,,imbricatus,2,1,1,1,2
6.20,b,2,Modiolus,Modiolus,,imbricatus,2,1,1,1,2
6.20,b,2,Modiolus,Modiolus,,imbricatus,2,1,1,1,2
6.20,b,2,Modiolus,Modiolus,,imbricatus,2,1,1,1,2
6.20,b,2,Parallelodon,,,hirsonensis,2,1,1,1,2
6.20,b,2,Parallelodon,,,hirsonensis,2,1,1,1,2
6.70,b,2,Inoperna,,,sowerbiana,2,1,1,1,2
6.70,b,2,Pinna,Pinna,cf.,folium,2,1,1,1,2
6.70,b,2,Pinna,Pinna,cf.,folium,2,1,1,1,2
6.70,b,2,Pinna,Pinna,cf.,folium,2,1,1,1,2
6.70,b,2,Pinna,Pinna,cf.,folium,2,1,1,1,2
7.20,b,2,Inoperna,,,sowerbiana,2,1,1,1,2
7.80,b,2,Inoperna,,,sowerbiana,2,1,1,1,2
7.80,b,2,Parallelodon,,,hirsonensis,2,1,1,1,2
7.80,b,2,Pinna,Pinna,cf.,folium,2,1,1,1,2
7.80,b,2,Pinna,Pinna,cf.,folium,2,1,1,1,2
7.80,b,2,Pinna,Pinna,cf.,folium,2,1,1,1,2
7.80,b,2,Pinna,Pinna,cf.,folium,2,1,1,1,2
7.80,b,2,Pinna,Pinna,cf.,folium,2,1,1,1,2
8.40,b,2,Inoperna,,,sowerbiana,2,1,1,1,2
8.40,b,2,Pinna,Pinna,cf.,folium,2,1,1,1,2
8.40,b,2,Pinna,Pinna,cf.,folium,2,1,1,1,2
8.40,b,2,Pinna,Pinna,cf.,folium,2,1,1,1,2
8.40,b,2,Pinna,Pinna,cf.,folium,2,1,1,1,2
8.70,b,2,Pinna,Pinna,cf.,folium,2,1,1,1,2
8.70,b,2,Pinna,Pinna,cf.,folium,2,1,1,1,2
8.70,b,2,Pinna,Pinna,cf.,folium,2,1,1,1,2
8.70,b,2,Pinna,Pinna,cf.,folium,2,1,1,1,2
8.70,b,2,Pinna,Pinna,cf.,folium,2,1,1,1,2
8.90,b,2,Pinna,Pinna,cf.,folium,2,1,1,1,2
8.90,b,2,Pinna,Pinna,cf.,folium,2,1,1,1,2
8.90,b,2,Pinna,Pinna,cf.,folium,2,1,1,1,2
9.40,b,2,Pinna,Pinna,cf.,folium,2,1,1,1,2
9.40,b,2,Pinna,Pinna,cf.,folium,2,1,1,1,2
10.00,b,2,Pinna,Pinna,cf.,folium,2,1,1,1,2
10.00,b,2,Pinna,Pinna,cf.,folium,2,1,1,1,2
10.00,b,2,Pinna,Pinna,cf.,folium,2,1,1,1,2
10.00,b,2,Pinna,Pinna,cf.,folium,2,1,1,1,2
10.20,b,2,Pinna,Pinna,cf.,folium,2,1,1,1,2
10.20,b,2,Pinna,Pinna,cf.,folium,2,1,1,1,2
10.20,b,2,Pinna,Pinna,cf.,folium,2,1,1,1,2
10.20,b,2,Pinna,Pinna,cf.,folium,2,1,1,1,2
11.10,b,2,Pinna,Pinna,cf.,folium,2,1,1,1,2
11.80,b,2,Inoperna,,,sowerbiana,2,1,1,1,2
11.80,b,2,Parallelodon,,,hirsonensis,2,1,1,1,2
12.10,b,2,Parallelodon,,,hirsonensis,2,1,1,1,2
12.10,b,2,Parallelodon,,,hirsonensis,2,1,1,1,2
12.10,b,2,Parallelodon,,,hirsonensis,2,1,1,1,2
12.10,b,2,Parallelodon,,,hirsonensis,2,1,1,1,2
12.10,b,2,Parallelodon,,,hirsonensis,2,1,1,1,2
12.10,b,2,Parallelodon,,,hirsonensis,2,1,1,1,2
12.10,b,2,Parallelodon,,,hirsonensis,2,1,1,1,2
12.10,b,2,Pinna,Pinna,cf.,folium,2,1,1,1,2
12.10,b,2,Pinna,Pinna,cf.,folium,2,1,1,1,2
12.10,b,2,Pinna,Pinna,cf.,folium,2,1,1,1,2
12.10,b,2,Pinna,Pinna,cf.,folium,2,1,1,1,2
12.10,b,2,Pinna,Pinna,cf.,folium,2,1,1,1,2
12.10,b,2,Pinna,Pinna,cf.,folium,2,1,1,1,2
12.35,c,2,Pinna,Pinna,cf.,folium,2,1,1,1,2
12.35,c,2,Pinna,Pinna,cf.,folium,2,1,1,1,2
12.35,c,2,Pinna,Pinna,cf.,folium,2,1,1,1,2
12.60,c,2,Modiolus,Modiolus,,imbricatus,2,1,1,1,2
12.60,c,2,Modiolus,Modiolus,,imbricatus,2,1,1,1,2
12.60,c,2,Modiolus,Modiolus,,imbricatus,2,1,1,1,2
12.60,c,2,Pinna,Pinna,cf.,folium,2,1,1,1,2
12.60,c,2,Pinna,Pinna,cf.,folium,2,1,1,1,2
12.60,c,2,Pinna,Pinna,cf.,folium,2,1,1,1,2
12.60,c,2,Pinna,Pinna,cf.,folium,2,1,1,1,2
12.60,c,2,Pinna,,,sp.,2,1,1,1,2
13.20,c,2,Parallelodon,,,hirsonensis,2,1,1,1,2
13.20,c,2,Parallelodon,,,hirsonensis,2,1,1,1,2
13.20,c,2,Parallelodon,,,hirsonensis,2,1,1,1,2
13.75,c,2,Bakevellia,,cf.,waltoni,2,1,1,1,2
13.75,c,2,Bakevellia,,cf.,waltoni,2,1,1,1,2
13.75,c,2,Gervillella,,,monotis,2,1,1,1,2
13.75,c,2,Pinna,Pinna,cf.,folium,2,1,1,1,2
13.75,c,2,Pinna,Pinna,cf.,folium,2,1,1,1,2
13.75,c,2,Pinna,Pinna,cf.,folium,2,1,1,1,2
13.75,c,2,Pinna,Pinna,cf.,folium,2,1,1,1,2
14.25,c,2,Cucullaea,Idonearca,,muensteri,2,1,1,1,2
14.85,c,2,Cucullaea,Idonearca,,muensteri,2,1,1,1,2
14.85,c,2,Cucullaea,Idonearca,,muensteri,2,1,1,1,2
14.85,c,2,Parallelodon,,,hirsonensis,2,1,1,1,2
15.25,c,2,Cucullaea,Idonearca,,muensteri,2,1,1,1,2
15.25,c,2,Cucullaea,Idonearca,,muensteri,2,1,1,1,2
15.25,c,2,Parallelodon,,,hirsonensis,2,1,1,1,2
15.25,c,2,Parallelodon,,,hirsonensis,2,1,1,1,2
15.25,c,2,Pinna,Pinna,cf.,folium,2,1,1,1,2
15.25,c,2,Pinna,Pinna,cf.,folium,2,1,1,1,2
15.25,c,2,Pinna,Pinna,cf.,folium,2,1,1,1,2
15.25,c,2,Pinna,Pinna,cf.,folium,2,1,1,1,2
16.05,c,2,Cucullaea,Idonearca,,muensteri,2,1,1,1,2
16.05,c,2,Cucullaea,Idonearca,,muensteri,2,1,1,1,2
16.05,c,2,Gervillella,,,monotis,2,1,1,1,2
16.05,c,2,Parallelodon,,,hirsonensis,2,1,1,1,2
16.05,c,2,Pinna,Pinna,cf.,folium,2,1,1,1,2
16.05,c,2,Pinna,Pinna,cf.,folium,2,1,1,1,2
16.70,c,2,Cucullaea,Idonearca,,muensteri,2,1,1,1,2
16.70,c,2,Cucullaea,Idonearca,,muensteri,2,1,1,1,2
16.70,c,2,Cucullaea,Idonearca,,muensteri,2,1,1,1,2
17.30,c,2,Parallelodon,,,hirsonensis,2,1,1,1,2
17.30,c,2,Parallelodon,,,hirsonensis,2,1,1,1,2
17.30,c,2,Parallelodon,,,hirsonensis,2,1,1,1,2
17.30,c,2,Parallelodon,,,hirsonensis,2,1,1,1,2
17.30,c,2,Parallelodon,,,hirsonensis,2,1,1,1,2
17.30,c,2,Parallelodon,,,hirsonensis,2,1,1,1,2
17.30,c,2,Parallelodon,,,hirsonensis,2,1,1,1,2
17.30,c,2,Pinna,Pinna,cf.,folium,2,1,1,1,2
17.30,c,2,Pinna,Pinna,cf.,folium,2,1,1,1,2
17.95,c,2,Myoconcha,,,sp.,2,1,1,1,2
17.95,c,2,Parallelodon,,,hirsonensis,2,1,1,1,2
17.95,c,2,Parallelodon,,,hirsonensis,2,1,1,1,2
17.95,c,2,Parallelodon,,,hirsonensis,2,1,1,1,2
17.95,c,2,Parallelodon,,,hirsonensis,2,1,1,1,2
18.35,c,2,Parallelodon,,,hirsonensis,2,1,1,1,2
18.35,c,2,Parallelodon,,,hirsonensis,2,1,1,1,2
18.35,c,2,Parallelodon,,,hirsonensis,2,1,1,1,2
18.35,c,2,Parallelodon,,,hirsonensis,2,1,1,1,2
18.85,c,2,Parallelodon,,,hirsonensis,2,1,1,1,2
19.35,c,2,Costigervillia,,,sp.,2,1,1,1,2
19.35,c,2,Parallelodon,,,hirsonensis,2,1,1,1,2
19.85,c,2,Costigervillia,,,sp.,2,1,1,1,2
19.85,c,2,Myoconcha,,,sp.,2,1,1,1,2
19.85,c,2,Myoconcha,,,sp.,2,1,1,1,2
19.85,c,2,Pinna,Pinna,cf.,folium,2,1,1,1,2
19.85,c,2,Pinna,Pinna,cf.,folium,2,1,1,1,2
20.45,c,2,Inoperna,,,sowerbiana,2,1,1,1,2
20.45,c,2,Parallelodon,,,hirsonensis,2,1,1,1,2
20.45,c,2,Parallelodon,,,hirsonensis,2,1,1,1,2
20.45,c,2,Pinna,Pinna,cf.,folium,2,1,1,1,2
20.45,c,2,Pinna,Pinna,cf.,folium,2,1,1,1,2
20.45,c,2,Pinna,Pinna,cf.,folium,2,1,1,1,2
20.45,c,2,Pinna,Pinna,cf.,folium,2,1,1,1,2
21.45,c,2,Modiolus,Modiolus,,imbricatus,2,1,1,1,2
21.45,c,2,Myoconcha,,,sp.,2,1,1,1,2
21.45,c,2,Parallelodon,,,hirsonensis,2,1,1,1,2
21.45,c,2,Pinna,Pinna,cf.,folium,2,1,1,1,2
21.45,c,2,Pinna,Pinna,cf.,folium,2,1,1,1,2
22.65,c,2,Modiolus,Modiolus,,imbricatus,2,1,1,1,2
22.65,c,2,Modiolus,Modiolus,,imbricatus,2,1,1,1,2
23.45,c,2,Costigervillia,,,sp.,2,1,1,1,2
24.55,c,2,Pinna,Pinna,cf.,folium,2,1,1,1,2
24.55,c,2,Pinna,Pinna,cf.,folium,2,1,1,1,2
24.55,c,2,Pinna,Pinna,cf.,folium,2,1,1,1,2
24.55,c,2,Pinna,Pinna,cf.,folium,2,1,1,1,2
24.55,c,2,Pinna,Pinna,cf.,folium,2,1,1,1,2
24.55,c,2,Pinna,Pinna,cf.,folium,2,1,1,1,2
25.55,c,2,Inoperna,,,sowerbiana,2,1,1,1,2
25.55,c,2,Pinna,Pinna,cf.,folium,2,1,1,1,2
25.55,c,2,Pinna,Pinna,cf.,folium,2,1,1,1,2
26.70,c,2,Inoperna,,,sowerbiana,2,1,1,1,2
26.70,c,2,Inoperna,,,sowerbiana,2,1,1,1,2
26.70,c,2,Modiolus,Modiolus,,imbricatus,2,1,1,1,2
26.70,c,2,Pinna,Pinna,cf.,folium,2,1,1,1,2
27.90,c,2,Inoperna,,,sowerbiana,2,1,1,1,2
27.90,c,2,Inoperna,,,sowerbiana,2,1,1,1,2
27.90,c,2,Parallelodon,,,hirsonensis,2,1,1,1,2
0.40,a,2,Nicaniella,,,voltzi,5,2,1,1,3
0.40,a,2,Protocardia,Protocardia,,striatula,5,2,1,1,3
0.40,a,2,Protocardia,Protocardia,,striatula,5,2,1,1,3
0.40,a,2,Protocardia,Protocardia,,striatula,5,2,1,1,3
0.40,a,2,Protocardia,Protocardia,,striatula,5,2,1,1,3
0.40,a,2,Protocardia,Protocardia,,striatula,5,2,1,1,3
0.40,a,2,Protocardia,Protocardia,,striatula,5,2,1,1,3
0.40,a,2,Protocardia,Protocardia,,striatula,5,2,1,1,3
0.40,a,2,Protocardia,Protocardia,,striatula,5,2,1,1,3
0.40,a,2,Protocardia,Protocardia,,striatula,5,2,1,1,3
0.40,a,2,Protocardia,Protocardia,,striatula,5,2,1,1,3
0.40,a,2,Protocardia,Protocardia,,striatula,5,2,1,1,3
0.40,a,2,Protocardia,Protocardia,,striatula,5,2,1,1,3
0.40,a,2,Protocardia,Protocardia,,striatula,5,2,1,1,3
0.40,a,2,Protocardia,Protocardia,,striatula,5,2,1,1,3
0.40,a,2,Protocardia,Protocardia,,striatula,5,2,1,1,3
0.40,a,2,Protocardia,Protocardia,,striatula,5,2,1,1,3
0.40,a,2,Protocardia,Protocardia,,striatula,5,2,1,1,3
0.40,a,2,Protocardia,Protocardia,,striatula,5,2,1,1,3
0.80,a,2,Protocardia,Protocardia,,striatula,5,2,1,1,3
0.80,a,2,Protocardia,Protocardia,,striatula,5,2,1,1,3
0.80,a,2,Protocardia,Protocardia,,striatula,5,2,1,1,3
0.80,a,2,Protocardia,Protocardia,,striatula,5,2,1,1,3
0.80,a,2,Protocardia,Protocardia,,striatula,5,2,1,1,3
0.80,a,2,Protocardia,Protocardia,,striatula,5,2,1,1,3
0.80,a,2,Protocardia,Protocardia,,striatula,5,2,1,1,3
0.80,a,2,Protocardia,Protocardia,,striatula,5,2,1,1,3
0.80,a,2,Protocardia,Protocardia,,striatula,5,2,1,1,3
0.80,a,2,Protocardia,Protocardia,,striatula,5,2,1,1,3
1.60,a,2,Corbulomima,,cf.,obscura,5,2,1,1,3
1.60,a,2,Corbulomima,,cf.,obscura,5,2,1,1,3
1.60,a,2,Corbulomima,,cf.,obscura,5,2,1,1,3
1.60,a,2,Corbulomima,,cf.,obscura,5,2,1,1,3
1.60,a,2,Corbulomima,,cf.,obscura,5,2,1,1,3
1.60,a,2,Corbulomima,,cf.,obscura,5,2,1,1,3
1.60,a,2,Corbulomima,,cf.,obscura,5,2,1,1,3
1.60,a,2,Corbulomima,,cf.,obscura,5,2,1,1,3
1.60,a,2,Corbulomima,,cf.,obscura,5,2,1,1,3
1.60,a,2,Corbulomima,,cf.,obscura,5,2,1,1,3
1.60,a,2,Corbulomima,,cf.,obscura,5,2,1,1,3
1.60,a,2,Nicaniella,,,voltzi,5,2,1,1,3
1.60,a,2,Nicaniella,,,voltzi,5,2,1,1,3
1.60,a,2,Nicaniella,,,voltzi,5,2,1,1,3
1.60,a,2,Nicaniella,,,voltzi,5,2,1,1,3
1.60,a,2,Nicaniella,,,voltzi,5,2,1,1,3
1.60,a,2,Nicaniella,,,voltzi,5,2,1,1,3
1.60,a,2,Nicaniella,,,voltzi,5,2,1,1,3
1.60,a,2,Pronoella,Pronoella,,intermedia,5,2,1,1,3
1.60,a,2,Pronoella,Pronoella,,intermedia,5,2,1,1,3
1.60,a,2,Protocardia,Protocardia,,striatula,5,2,1,1,3
1.60,a,2,Protocardia,Protocardia,,striatula,5,2,1,1,3
1.60,a,2,Protocardia,Protocardia,,striatula,5,2,1,1,3
3.40,a,2,Pronoella,Pronoella,,intermedia,5,2,1,1,3
3.40,a,2,Protocardia,Protocardia,,striatula,5,2,1,1,3
3.40,a,2,Protocardia,Protocardia,,striatula,5,2,1,1,3
3.40,a,2,Protocardia,Protocardia,,striatula,5,2,1,1,3
3.40,a,2,Protocardia,Protocardia,,striatula,5,2,1,1,3
3.40,a,2,Protocardia,Protocardia,,striatula,5,2,1,1,3
3.40,a,2,Protocardia,Protocardia,,striatula,5,2,1,1,3
3.40,a,2,Protocardia,Protocardia,,striatula,5,2,1,1,3
3.40,a,2,Protocardia,Protocardia,,striatula,5,2,1,1,3
3.40,a,2,Protocardia,Protocardia,,striatula,5,2,1,1,3
4.00,a,2,Mactromya,,,cardioides,5,2,1,1,3
4.00,a,2,Mactromya,,,cardioides,5,2,1,1,3
4.00,a,2,Pronoella,Pronoella,,intermedia,5,2,1,1,3
4.00,a,2,Protocardia,Protocardia,,striatula,5,2,1,1,3
4.00,a,2,Protocardia,Protocardia,,striatula,5,2,1,1,3
4.00,a,2,Protocardia,Protocardia,,striatula,5,2,1,1,3
4.00,a,2,Protocardia,Protocardia,,striatula,5,2,1,1,3
4.60,a,2,Nicaniella,,,voltzi,5,2,1,1,3
4.60,a,2,Nicaniella,,,voltzi,5,2,1,1,3
4.60,a,2,Nicaniella,,,voltzi,5,2,1,1,3
4.60,a,2,Nicaniella,,,voltzi,5,2,1,1,3
4.60,a,2,Nicaniella,,,voltzi,5,2,1,1,3
4.60,a,2,Pronoella,Pronoella,,intermedia,5,2,1,1,3
4.60,a,2,Pronoella,Pronoella,,intermedia,5,2,1,1,3
4.60,a,2,Pronoella,Pronoella,,intermedia,5,2,1,1,3
4.60,a,2,Pronoella,Pronoella,,intermedia,5,2,1,1,3
4.60,a,2,Pronoella,Pronoella,,intermedia,5,2,1,1,3
4.60,a,2,Protocardia,Protocardia,,striatula,5,2,1,1,3
4.60,a,2,Protocardia,Protocardia,,striatula,5,2,1,1,3
5.20,a,2,Corbulomima,,cf.,obscura,5,2,1,1,3
5.20,a,2,Nicaniella,,,voltzi,5,2,1,1,3
5.20,a,2,Nicaniella,,,voltzi,5,2,1,1,3
5.20,a,2,Nicaniella,,,voltzi,5,2,1,1,3
5.20,a,2,Nicaniella,,,voltzi,5,2,1,1,3
5.20,a,2,Nicaniella,,,voltzi,5,2,1,1,3
5.20,a,2,Pronoella,Pronoella,,intermedia,5,2,1,1,3
5.20,a,2,Pronoella,Pronoella,,intermedia,5,2,1,1,3
5.20,a,2,Protocardia,Protocardia,,striatula,5,2,1,1,3
5.20,a,2,Protocardia,Protocardia,,striatula,5,2,1,1,3
5.60,a,2,Pronoella,Pronoella,,intermedia,5,2,1,1,3
5.60,a,2,Protocardia,Protocardia,,striatula,5,2,1,1,3
5.60,a,2,Protocardia,Protocardia,,striatula,5,2,1,1,3
5.90,a,2,Ceratomya,,,concentrica,5,2,1,1,3
5.90,a,2,Corbulomima,,cf.,obscura,5,2,1,1,3
5.90,a,2,Corbulomima,,cf.,obscura,5,2,1,1,3
5.90,a,2,Mactromya,,,cardioides,5,2,1,1,3
5.90,a,2,Mactromya,,,cardioides,5,2,1,1,3
5.90,a,2,Nicaniella,,,voltzi,5,2,1,1,3
5.90,a,2,Nicaniella,,,voltzi,5,2,1,1,3
5.90,a,2,Nicaniella,,,voltzi,5,2,1,1,3
5.90,a,2,Nicaniella,,,voltzi,5,2,1,1,3
5.90,a,2,Nicaniella,,,voltzi,5,2,1,1,3
5.90,a,2,Nicaniella,,,voltzi,5,2,1,1,3
5.90,a,2,Nicaniella,,,voltzi,5,2,1,1,3
5.90,a,2,Pronoella,Pronoella,,intermedia,5,2,1,1,3
5.90,a,2,Pronoella,Pronoella,,intermedia,5,2,1,1,3
5.90,a,2,Pronoella,Pronoella,,intermedia,5,2,1,1,3
5.90,a,2,Pronoella,Pronoella,,intermedia,5,2,1,1,3
5.90,a,2,Protocardia,Protocardia,,striatula,5,2,1,1,3
5.90,a,2,Protocardia,Protocardia,,striatula,5,2,1,1,3
5.90,a,2,Protocardia,Protocardia,,striatula,5,2,1,1,3
6.20,b,2,Ceratomya,,,concentrica,5,2,1,1,3
6.20,b,2,Isocyprina,,,sp.,5,2,1,1,3
6.20,b,2,Mactromya,,,cardioides,5,2,1,1,3
6.20,b,2,Mactromya,,,cardioides,5,2,1,1,3
6.20,b,2,Nicaniella,,,voltzi,5,2,1,1,3
6.20,b,2,Nicaniella,,,voltzi,5,2,1,1,3
6.20,b,2,Nicaniella,,,voltzi,5,2,1,1,3
6.20,b,2,Nicaniella,,,voltzi,5,2,1,1,3
6.20,b,2,Nicaniella,,,voltzi,5,2,1,1,3
6.20,b,2,Nicaniella,,,voltzi,5,2,1,1,3
6.20,b,2,Nicaniella,,,voltzi,5,2,1,1,3
6.20,b,2,Pronoella,Pronoella,,intermedia,5,2,1,1,3
6.20,b,2,Pronoella,Pronoella,,intermedia,5,2,1,1,3
6.20,b,2,Pronoella,Pronoella,,intermedia,5,2,1,1,3
6.20,b,2,Pronoella,Pronoella,,intermedia,5,2,1,1,3
6.20,b,2,Pronoella,Pronoella,,intermedia,5,2,1,1,3
6.20,b,2,Pronoella,Pronoella,,intermedia,5,2,1,1,3
6.20,b,2,Protocardia,Protocardia,,striatula,5,2,1,1,3
6.20,b,2,Protocardia,Protocardia,,striatula,5,2,1,1,3
6.20,b,2,Protocardia,Protocardia,,striatula,5,2,1,1,3
6.20,b,2,Protocardia,Protocardia,,striatula,5,2,1,1,3
6.20,b,3,Pietteia,,,sp.,7,2,8,2,3
6.20,b,3,Pietteia,,,sp.,7,2,8,2,3
6.20,b,3,Pietteia,,,sp.,7,2,8,2,3
6.20,b,3,Pietteia,,,sp.,7,2,8,2,3
6.70,b,2,Corbulomima,,cf.,obscura,5,2,1,1,3
7.20,b,2,Corbulomima,,cf.,obscura,5,2,1,1,3
7.20,b,2,Nicaniella,,,voltzi,5,2,1,1,3
7.80,b,1,Lingularia,,,sp.,6,2,1,1,3
7.80,b,1,Lingularia,,,sp.,6,2,1,1,3
7.80,b,2,Anisocardia,,,sp.,5,2,1,1,3
7.80,b,2,Corbulomima,,cf.,obscura,5,2,1,1,3
7.80,b,2,Corbulomima,,cf.,obscura,5,2,1,1,3
7.80,b,2,Mactromya,,,cardioides,5,2,1,1,3
7.80,b,2,Mactromya,,,cardioides,5,2,1,1,3
7.80,b,2,Nicaniella,,,voltzi,5,2,1,1,3
7.80,b,2,Pronoella,Gythemon,,sp.,5,2,1,1,3
7.80,b,2,Protocardia,Protocardia,,striatula,5,2,1,1,3
8.40,b,1,Lingularia,,,sp.,6,2,1,1,3
8.40,b,2,Nicaniella,,,voltzi,5,2,1,1,3
8.40,b,2,Protocardia,Protocardia,,striatula,5,2,1,1,3
8.70,b,1,Lingularia,,,sp.,6,2,1,1,3
8.70,b,1,Lingularia,,,sp.,6,2,1,1,3
8.70,b,1,Lingularia,,,sp.,6,2,1,1,3
8.70,b,1,Lingularia,,,sp.,6,2,1,1,3
8.70,b,1,Lingularia,,,sp.,6,2,1,1,3
8.90,b,1,Lingularia,,,sp.,6,2,1,1,3
8.90,b,2,Protocardia,Protocardia,,striatula,5,2,1,1,3
8.90,b,2,Protocardia,Protocardia,,striatula,5,2,1,1,3
9.40,b,1,Lingularia,,,sp.,6,2,1,1,3
9.40,b,1,Lingularia,,,sp.,6,2,1,1,3
9.40,b,1,Lingularia,,,sp.,6,2,1,1,3
9.40,b,2,Corbulomima,,cf.,obscura,5,2,1,1,3
10.00,b,1,Lingularia,,,sp.,6,2,1,1,3
10.00,b,2,Corbulomima,,cf.,obscura,5,2,1,1,3
10.00,b,2,Protocardia,Protocardia,,striatula,5,2,1,1,3
10.20,b,1,Lingularia,,,sp.,6,2,1,1,3
10.20,b,2,Corbulomima,,cf.,obscura,5,2,1,1,3
10.20,b,2,Mactromya,,,cardioides,5,2,1,1,3
10.20,b,2,Protocardia,Protocardia,,striatula,5,2,1,1,3
10.40,b,1,Lingularia,,,sp.,6,2,1,1,3
10.80,b,1,Lingularia,,,sp.,6,2,1,1,3
10.80,b,1,Lingularia,,,sp.,6,2,1,1,3
10.80,b,1,Lingularia,,,sp.,6,2,1,1,3
10.80,b,2,Ceratomya,,,concentrica,5,2,1,1,3
10.80,b,2,Ceratomya,,,concentrica,5,2,1,1,3
10.80,b,2,Corbulomima,,cf.,obscura,5,2,1,1,3
10.80,b,2,Corbulomima,,cf.,obscura,5,2,1,1,3
10.80,b,2,Corbulomima,,cf.,obscura,5,2,1,1,3
10.80,b,2,Protocardia,Protocardia,,striatula,5,2,1,1,3
11.10,b,1,Lingularia,,,sp.,6,2,1,1,3
11.80,b,1,Lingularia,,,sp.,6,2,1,1,3
11.80,b,1,Lingularia,,,sp.,6,2,1,1,3
11.80,b,1,Lingularia,,,sp.,6,2,1,1,3
11.80,b,1,Lingularia,,,sp.,6,2,1,1,3
11.80,b,1,Lingularia,,,sp.,6,2,1,1,3
11.80,b,2,Corbulomima,,cf.,obscura,5,2,1,1,3
11.80,b,2,Corbulomima,,cf.,obscura,5,2,1,1,3
11.80,b,2,Corbulomima,,cf.,obscura,5,2,1,1,3
11.80,b,2,Mactromya,,,cardioides,5,2,1,1,3
11.80,b,2,Mactromya,,,cardioides,5,2,1,1,3
11.80,b,2,Mactromya,,,cardioides,5,2,1,1,3
11.80,b,2,Protocardia,Protocardia,,striatula,5,2,1,1,3
11.80,b,2,Protocardia,Protocardia,,striatula,5,2,1,1,3
11.80,b,2,Protocardia,Protocardia,,striatula,5,2,1,1,3
11.80,b,2,Protocardia,Protocardia,,striatula,5,2,1,1,3
11.80,b,2,Protocardia,Protocardia,,striatula,5,2,1,1,3
11.80,b,3,Pietteia,,,sp.,7,2,8,2,3
12.10,b,2,Corbulomima,,cf.,obscura,5,2,1,1,3
12.10,b,2,Corbulomima,,cf.,obscura,5,2,1,1,3
12.10,b,2,Corbulomima,,cf.,obscura,5,2,1,1,3
12.10,b,2,Pronoella,Pronoella,,intermedia,5,2,1,1,3
12.10,b,2,Pronoella,Pronoella,,intermedia,5,2,1,1,3
12.10,b,2,Protocardia,Protocardia,,striatula,5,2,1,1,3
12.10,b,2,Protocardia,Protocardia,,striatula,5,2,1,1,3
12.10,b,2,Protocardia,Protocardia,,striatula,5,2,1,1,3
12.10,b,2,Protocardia,Protocardia,,striatula,5,2,1,1,3
12.10,b,2,Protocardia,Protocardia,,striatula,5,2,1,1,3
12.10,b,2,Protocardia,Protocardia,,striatula,5,2,1,1,3
12.10,b,2,Protocardia,Protocardia,,striatula,5,2,1,1,3
12.10,b,2,Protocardia,Protocardia,,striatula,5,2,1,1,3
12.10,b,2,Protocardia,Protocardia,,striatula,5,2,1,1,3
12.10,b,2,Protocardia,Protocardia,,striatula,5,2,1,1,3
12.10,b,2,Protocardia,Protocardia,,striatula,5,2,1,1,3
12.10,b,2,Protocardia,Protocardia,,striatula,5,2,1,1,3
12.10,b,2,Protocardia,Protocardia,,striatula,5,2,1,1,3
12.35,c,2,Protocardia,Protocardia,,striatula,5,2,1,1,3
12.60,c,1,Lingularia,,,sp.,6,2,1,1,3
12.60,c,2,Mactromya,,,cardioides,5,2,1,1,3
12.60,c,2,Protocardia,Protocardia,,striatula,5,2,1,1,3
12.60,c,2,Protocardia,Protocardia,,striatula,5,2,1,1,3
12.60,c,2,Protocardia,Protocardia,,striatula,5,2,1,1,3
12.60,c,2,Protocardia,Protocardia,,striatula,5,2,1,1,3
12.60,c,2,Protocardia,Protocardia,,striatula,5,2,1,1,3
12.60,c,2,Protocardia,Protocardia,,striatula,5,2,1,1,3
12.60,c,2,Protocardia,Protocardia,,striatula,5,2,1,1,3
12.60,c,2,Protocardia,Protocardia,,striatula,5,2,1,1,3
12.60,c,3,Pietteia,,,sp.,7,2,8,2,3
13.20,c,2,Coelopis,Coelopis,,similis,5,2,1,1,3
13.20,c,2,Protocardia,Protocardia,,striatula,5,2,1,1,3
13.20,c,2,Protocardia,Protocardia,,striatula,5,2,1,1,3
13.20,c,2,Protocardia,Protocardia,,striatula,5,2,1,1,3
13.75,c,2,Pronoella,Pronoella,,intermedia,5,2,1,1,3
13.75,c,2,Protocardia,Protocardia,,striatula,5,2,1,1,3
13.75,c,3,Pietteia,,,sp.,7,2,8,2,3
14.25,c,2,Corbulomima,,cf.,obscura,5,2,1,1,3
14.25,c,2,Myophorella,,cf.,formosa,5,2,1,1,3
14.25,c,2,Myophorella,,cf.,formosa,5,2,1,1,3
14.25,c,2,Myophorella,,cf.,formosa,5,2,1,1,3
14.25,c,2,Protocardia,Protocardia,,striatula,5,2,1,1,3
14.25,c,2,Protocardia,Protocardia,,striatula,5,2,1,1,3
14.25,c,2,Protocardia,Protocardia,,striatula,5,2,1,1,3
14.85,c,2,Mactromya,,,cardioides,5,2,1,1,3
14.85,c,2,Mactromya,,,cardioides,5,2,1,1,3
14.85,c,2,Mactromya,,,cardioides,5,2,1,1,3
14.85,c,2,Myophorella,,cf.,formosa,5,2,1,1,3
14.85,c,2,Myophorella,,cf.,formosa,5,2,1,1,3
14.85,c,2,Myophorella,,cf.,formosa,5,2,1,1,3
14.85,c,2,Myophorella,,cf.,formosa,5,2,1,1,3
14.85,c,2,Protocardia,Protocardia,,striatula,5,2,1,1,3
14.85,c,2,Protocardia,Protocardia,,striatula,5,2,1,1,3
14.85,c,2,Protocardia,Protocardia,,striatula,5,2,1,1,3
15.25,c,2,Mactromya,,,cardioides,5,2,1,1,3
15.25,c,2,Mactromya,,,cardioides,5,2,1,1,3
15.25,c,2,Mactromya,,,cardioides,5,2,1,1,3
15.25,c,2,Myophorella,,cf.,formosa,5,2,1,1,3
15.25,c,2,Myophorella,,cf.,formosa,5,2,1,1,3
15.25,c,2,Myophorella,,cf.,formosa,5,2,1,1,3
15.25,c,2,Myophorella,,cf.,formosa,5,2,1,1,3
15.25,c,2,Pronoella,Pronoella,,intermedia,5,2,1,1,3
15.25,c,2,Protocardia,Protocardia,,striatula,5,2,1,1,3
16.05,c,1,Lingularia,,,sp.,6,2,1,1,3
16.05,c,2,Mactromya,,,cardioides,5,2,1,1,3
16.05,c,2,Myophorella,,cf.,formosa,5,2,1,1,3
16.05,c,2,Myophorella,,cf.,formosa,5,2,1,1,3
16.05,c,2,Myophorella,,cf.,formosa,5,2,1,1,3
16.05,c,2,Myophorella,,cf.,formosa,5,2,1,1,3
16.05,c,2,Myophorella,,cf.,formosa,5,2,1,1,3
16.05,c,2,Protocardia,Protocardia,,striatula,5,2,1,1,3
16.05,c,2,Protocardia,Protocardia,,striatula,5,2,1,1,3
16.05,c,2,Protocardia,Protocardia,,striatula,5,2,1,1,3
16.05,c,2,Trigonia,Trigonia,,similis,5,2,1,1,3
16.70,c,2,Mactromya,,,cardioides,5,2,1,1,3
16.70,c,2,Mactromya,,,cardioides,5,2,1,1,3
16.70,c,2,Myophorella,,cf.,formosa,5,2,1,1,3
16.70,c,2,Myophorella,,cf.,formosa,5,2,1,1,3
16.70,c,2,Protocardia,Protocardia,,striatula,5,2,1,1,3
16.70,c,2,Protocardia,Protocardia,,striatula,5,2,1,1,3
16.70,c,2,Protocardia,Protocardia,,striatula,5,2,1,1,3
16.70,c,2,Protocardia,Protocardia,,striatula,5,2,1,1,3
16.70,c,2,Trigonia,Trigonia,,similis,5,2,1,1,3
16.70,c,2,Trigonia,Trigonia,,similis,5,2,1,1,3
16.70,c,2,Trigonia,Trigonia,,similis,5,2,1,1,3
16.70,c,2,Trigonia,Trigonia,,similis,5,2,1,1,3
16.70,c,2,Trigonia,Trigonia,,similis,5,2,1,1,3
16.70,c,2,Trigonia,Trigonia,,similis,5,2,1,1,3
16.70,c,3,Pietteia,,,sp.,7,2,8,2,3
17.30,c,2,Mactromya,,,cardioides,5,2,1,1,3
17.30,c,2,Myophorella,,cf.,formosa,5,2,1,1,3
17.30,c,2,Myophorella,,cf.,formosa,5,2,1,1,3
17.30,c,2,Myophorella,,cf.,formosa,5,2,1,1,3
17.30,c,2,Myophorella,,cf.,formosa,5,2,1,1,3
17.30,c,2,Neocrassina,,cf.,elegans,5,2,1,1,3
17.30,c,2,Neocrassina,,cf.,elegans,5,2,1,1,3
17.30,c,2,Protocardia,Protocardia,,striatula,5,2,1,1,3
17.30,c,2,Protocardia,Protocardia,,striatula,5,2,1,1,3
17.30,c,2,Protocardia,Protocardia,,striatula,5,2,1,1,3
17.30,c,2,Trigonia,Trigonia,,similis,5,2,1,1,3
17.30,c,2,Trigonia,Trigonia,,similis,5,2,1,1,3
17.30,c,2,Trigonia,Trigonia,,similis,5,2,1,1,3
17.30,c,2,Trigonia,Trigonia,,similis,5,2,1,1,3
17.30,c,2,Trigonia,Trigonia,,similis,5,2,1,1,3
17.30,c,3,Pietteia,,,sp.,7,2,8,2,3
17.95,c,2,Cardinia,,,concinna,5,2,1,1,3
17.95,c,2,Myophorella,,cf.,formosa,5,2,1,1,3
17.95,c,2,Myophorella,,cf.,formosa,5,2,1,1,3
17.95,c,2,Neocrassina,,cf.,elegans,5,2,1,1,3
17.95,c,2,Neocrassina,,cf.,elegans,5,2,1,1,3
17.95,c,2,Neocrassina,,cf.,elegans,5,2,1,1,3
17.95,c,2,Neocrassina,,cf.,elegans,5,2,1,1,3
17.95,c,2,Neocrassina,,cf.,elegans,5,2,1,1,3
17.95,c,2,Neocrassina,,cf.,elegans,5,2,1,1,3
17.95,c,2,Neocrassina,,cf.,elegans,5,2,1,1,3
17.95,c,2,Neocrassina,,cf.,elegans,5,2,1,1,3
17.95,c,2,Neocrassina,,cf.,elegans,5,2,1,1,3
17.95,c,2,Neocrassina,,cf.,elegans,5,2,1,1,3
17.95,c,2,Neocrassina,,cf.,elegans,5,2,1,1,3
17.95,c,2,Neocrassina,,cf.,elegans,5,2,1,1,3
17.95,c,2,Protocardia,Protocardia,,striatula,5,2,1,1,3
17.95,c,2,Protocardia,Protocardia,,striatula,5,2,1,1,3
17.95,c,2,Protocardia,Protocardia,,striatula,5,2,1,1,3
17.95,c,2,Protocardia,Protocardia,,striatula,5,2,1,1,3
17.95,c,2,Protocardia,Protocardia,,striatula,5,2,1,1,3
17.95,c,2,Protocardia,Protocardia,,striatula,5,2,1,1,3
17.95,c,2,Protocardia,Protocardia,,striatula,5,2,1,1,3
18.35,c,2,Ceratomya,,,concentrica,5,2,1,1,3
18.35,c,2,Mactromya,,,cardioides,5,2,1,1,3
18.35,c,2,Neocrassina,,cf.,elegans,5,2,1,1,3
18.35,c,2,Protocardia,Protocardia,,striatula,5,2,1,1,3
18.35,c,2,Protocardia,Protocardia,,striatula,5,2,1,1,3
18.35,c,2,Protocardia,Protocardia,,striatula,5,2,1,1,3
18.35,c,2,Protocardia,Protocardia,,striatula,5,2,1,1,3
18.35,c,2,Trigonia,Trigonia,,similis,5,2,1,1,3
18.35,c,2,Trigonia,Trigonia,,similis,5,2,1,1,3
18.85,c,2,Ceratomya,,,concentrica,5,2,1,1,3
18.85,c,2,Protocardia,Protocardia,,striatula,5,2,1,1,3
18.85,c,3,Pietteia,,,sp.,7,2,8,2,3
19.35,c,2,Mactromya,,,cardioides,5,2,1,1,3
19.35,c,2,Mactromya,,,cardioides,5,2,1,1,3
19.35,c,2,Protocardia,Protocardia,,striatula,5,2,1,1,3
19.35,c,3,Pietteia,,,sp.,7,2,8,2,3
19.35,c,3,Pietteia,,,sp.,7,2,8,2,3
19.85,c,2,Mactromya,,,cardioides,5,2,1,1,3
19.85,c,2,Mactromya,,,cardioides,5,2,1,1,3
19.85,c,2,Protocardia,Protocardia,,striatula,5,2,1,1,3
19.85,c,2,Protocardia,Protocardia,,striatula,5,2,1,1,3
19.85,c,3,Pietteia,,,sp.,7,2,8,2,3
20.45,c,2,Protocardia,Protocardia,,striatula,5,2,1,1,3
20.45,c,2,Protocardia,Protocardia,,striatula,5,2,1,1,3
20.45,c,2,Protocardia,Protocardia,,striatula,5,2,1,1,3
20.45,c,2,Protocardia,Protocardia,,striatula,5,2,1,1,3
20.45,c,2,Protocardia,Protocardia,,striatula,5,2,1,1,3
21.45,c,2,Protocardia,Protocardia,,striatula,5,2,1,1,3
21.45,c,2,Protocardia,Protocardia,,striatula,5,2,1,1,3
21.45,c,2,Protocardia,Protocardia,,striatula,5,2,1,1,3
21.45,c,2,Protocardia,Protocardia,,striatula,5,2,1,1,3
21.45,c,2,Protocardia,Protocardia,,striatula,5,2,1,1,3
21.45,c,2,Protocardia,Protocardia,,striatula,5,2,1,1,3
21.45,c,2,Protocardia,Protocardia,,striatula,5,2,1,1,3
21.45,c,2,Trigonia,Trigonia,,similis,5,2,1,1,3
22.65,c,2,Neocrassina,,cf.,elegans,5,2,1,1,3
22.65,c,2,Trigonia,Trigonia,,similis,5,2,1,1,3
24.55,c,2,Mactromya,,,cardioides,5,2,1,1,3
24.55,c,2,Neocrassina,,cf.,elegans,5,2,1,1,3
24.55,c,2,Neocrassina,,cf.,elegans,5,2,1,1,3
24.55,c,2,Neocrassina,,cf.,elegans,5,2,1,1,3
24.55,c,2,Trigonia,Trigonia,,similis,5,2,1,1,3
24.55,c,2,Trigonia,Trigonia,,similis,5,2,1,1,3
25.55,c,2,Pronoella,Pronoella,,intermedia,5,2,1,1,3
25.55,c,2,Pronoella,Pronoella,,intermedia,5,2,1,1,3
26.70,c,2,Mactromya,,,cardioides,5,2,1,1,3
26.70,c,2,Mactromya,,,cardioides,5,2,1,1,3
26.70,c,2,Neocrassina,,cf.,elegans,5,2,1,1,3
26.70,c,2,Neocrassina,,cf.,elegans,5,2,1,1,3
26.70,c,2,Neocrassina,,cf.,elegans,5,2,1,1,3
26.70,c,2,Neocrassina,,cf.,elegans,5,2,1,1,3
26.70,c,3,Pietteia,,,sp.,7,2,8,2,3
26.70,c,3,Pietteia,,,sp.,7,2,8,2,3
26.70,c,3,Pietteia,,,sp.,7,2,8,2,3
27.90,c,2,Neocrassina,,cf.,elegans,5,2,1,1,3
27.90,c,2,Neocrassina,,cf.,elegans,5,2,1,1,3
27.90,c,2,Neocrassina,,cf.,elegans,5,2,1,1,3
27.90,c,2,Neocrassina,,cf.,elegans,5,2,1,1,3
27.90,c,2,Neocrassina,,cf.,elegans,5,2,1,1,3
27.90,c,2,Neocrassina,,cf.,elegans,5,2,1,1,3
27.90,c,3,Pietteia,,,sp.,7,2,8,2,3
0.40,a,2,Pleuromya,,,aequistriata,5,2,1,1,4
0.40,a,2,Pleuromya,,,aequistriata,5,2,1,1,4
0.40,a,2,Pleuromya,,,aequistriata,5,2,1,1,4
0.40,a,2,Pleuromya,,,aequistriata,5,2,1,1,4
0.40,a,2,Pleuromya,,,aequistriata,5,2,1,1,4
0.40,a,2,Pleuromya,,,aequistriata,5,2,1,1,4
0.40,a,2,Pleuromya,,,aequistriata,5,2,1,1,4
0.40,a,2,Pleuromya,,,aequistriata,5,2,1,1,4
0.40,a,2,Pleuromya,,,aequistriata,5,2,1,1,4
0.40,a,2,Pleuromya,,,aequistriata,5,2,1,1,4
0.40,a,2,Pleuromya,,,aequistriata,5,2,1,1,4
0.40,a,2,Pleuromya,,,aequistriata,5,2,1,1,4
0.40,a,2,Pleuromya,,,aequistriata,5,2,1,1,4
0.40,a,2,Pleuromya,,,aequistriata,5,2,1,1,4
0.40,a,2,Pleuromya,,,aequistriata,5,2,1,1,4
0.40,a,2,Pleuromya,,,uniformis,5,2,1,1,4
0.40,a,2,Pleuromya,,,uniformis,5,2,1,1,4
0.80,a,2,Pleuromya,,,aequistriata,5,2,1,1,4
0.80,a,2,Pleuromya,,,aequistriata,5,2,1,1,4
0.80,a,2,Pleuromya,,,aequistriata,5,2,1,1,4
0.80,a,2,Pleuromya,,,aequistriata,5,2,1,1,4
0.80,a,2,Pleuromya,,,aequistriata,5,2,1,1,4
0.80,a,2,Pleuromya,,,aequistriata,5,2,1,1,4
0.80,a,2,Pleuromya,,,aequistriata,5,2,1,1,4
0.80,a,2,Pleuromya,,,aequistriata,5,2,1,1,4
0.80,a,2,Pleuromya,,,aequistriata,5,2,1,1,4
0.80,a,2,Pleuromya,,,aequistriata,5,2,1,1,4
0.80,a,2,Pleuromya,,,aequistriata,5,2,1,1,4
0.80,a,2,Pleuromya,,,aequistriata,5,2,1,1,4
0.80,a,2,Pleuromya,,,aequistriata,5,2,1,1,4
1.60,a,2,Pleuromya,,,uniformis,5,2,1,1,4
1.60,a,2,Pleuromya,,,uniformis,5,2,1,1,4
2.80,a,2,Pleuromya,,,uniformis,5,2,1,1,4
2.80,a,2,Pleuromya,,,uniformis,5,2,1,1,4
3.40,a,2,Pholadomya,Pholadomya,,reticulata,5,2,1,1,4
3.40,a,2,Pleuromya,,,uniformis,5,2,1,1,4
3.40,a,2,Pleuromya,,,uniformis,5,2,1,1,4
4.00,a,2,Pholadomya,Pholadomya,,ambigua,5,2,1,1,4
4.00,a,2,Pholadomya,Pholadomya,,ambigua,5,2,1,1,4
4.00,a,2,Pleuromya,,,aequistriata,5,2,1,1,4
4.00,a,2,Pleuromya,,,aequistriata,5,2,1,1,4
4.00,a,2,Pleuromya,,,aequistriata,5,2,1,1,4
4.60,a,2,Pleuromya,,,aequistriata,5,2,1,1,4
4.60,a,2,Pleuromya,,,uniformis,5,2,1,1,4
4.60,a,2,Pleuromya,,,uniformis,5,2,1,1,4
5.20,a,2,Arcomya,,,sp.,5,1,1,1,4
5.20,a,2,Pleuromya,,,aequistriata,5,2,1,1,4
5.20,a,2,Pleuromya,,,uniformis,5,2,1,1,4
5.60,a,2,Homomya,,,sp.,5,2,1,1,4
5.60,a,2,Pleuromya,,,aequistriata,5,2,1,1,4
5.60,a,2,Pleuromya,,,aequistriata,5,2,1,1,4
5.60,a,2,Pleuromya,,,uniformis,5,2,1,1,4
5.90,a,2,Pleuromya,,,aequistriata,5,2,1,1,4
5.90,a,2,Pleuromya,,,aequistriata,5,2,1,1,4
5.90,a,2,Pleuromya,,,aequistriata,5,2,1,1,4
5.90,a,2,Pleuromya,,,aequistriata,5,2,1,1,4
5.90,a,2,Pleuromya,,,aequistriata,5,2,1,1,4
5.90,a,2,Pleuromya,,,aequistriata,5,2,1,1,4
5.90,a,2,Pleuromya,,,uniformis,5,2,1,1,4
5.90,a,2,Pleuromya,,,uniformis,5,2,1,1,4
5.90,a,2,Pleuromya,,,uniformis,5,2,1,1,4
6.20,b,2,Pleuromya,,,aequistriata,5,2,1,1,4
6.20,b,2,Pleuromya,,,aequistriata,5,2,1,1,4
6.20,b,2,Pleuromya,,,aequistriata,5,2,1,1,4
6.20,b,2,Pleuromya,,,aequistriata,5,2,1,1,4
6.20,b,2,Pleuromya,,,uniformis,5,2,1,1,4
6.20,b,2,Pleuromya,,,uniformis,5,2,1,1,4
6.70,b,2,Pleuromya,,,uniformis,5,2,1,1,4
7.20,b,2,Pleuromya,,,aequistriata,5,2,1,1,4
8.40,b,2,Pleuromya,,,uniformis,5,2,1,1,4
8.40,b,2,Pleuromya,,,uniformis,5,2,1,1,4
8.70,b,2,Pleuromya,,,uniformis,5,2,1,1,4
10.00,b,2,Pholadomya,Pholadomya,,reticulata,5,2,1,1,4
10.20,b,2,Pleuromya,,,uniformis,5,2,1,1,4
10.20,b,2,Pleuromya,,,uniformis,5,2,1,1,4
10.40,b,2,Pholadomya,Pholadomya,,reticulata,5,2,1,1,4
10.40,b,2,Pleuromya,,,uniformis,5,2,1,1,4
10.40,b,2,Pleuromya,,,uniformis,5,2,1,1,4
10.40,b,2,Pleuromya,,,uniformis,5,2,1,1,4
10.40,b,2,Pleuromya,,,uniformis,5,2,1,1,4
10.40,b,2,Pleuromya,,,uniformis,5,2,1,1,4
10.80,b,2,Pholadomya,Pholadomya,,reticulata,5,2,1,1,4
10.80,b,2,Pleuromya,,,uniformis,5,2,1,1,4
11.10,b,2,Pleuromya,,,uniformis,5,2,1,1,4
11.10,b,2,Pleuromya,,,uniformis,5,2,1,1,4
11.80,b,2,Pleuromya,,,uniformis,5,2,1,1,4
11.80,b,2,Pleuromya,,,uniformis,5,2,1,1,4
11.80,b,2,Pleuromya,,,uniformis,5,2,1,1,4
12.10,b,2,Girardotia,,,sp.,5,2,1,1,4
12.10,b,2,Pholadomya,Pholadomya,,fidicula,5,2,1,1,4
12.10,b,2,Pleuromya,,,aequistriata,5,2,1,1,4
12.10,b,2,Pleuromya,,,aequistriata,5,2,1,1,4
12.10,b,2,Pleuromya,,,aequistriata,5,2,1,1,4
12.10,b,2,Pleuromya,,,aequistriata,5,2,1,1,4
12.10,b,2,Pleuromya,,,uniformis,5,2,1,1,4
12.10,b,2,Pleuromya,,,uniformis,5,2,1,1,4
12.10,b,2,Pleuromya,,,uniformis,5,2,1,1,4
12.10,b,2,Pleuromya,,,uniformis,5,2,1,1,4
12.35,c,2,Pleuromya,,,uniformis,5,2,1,1,4
12.60,c,2,Girardotia,,,sp.,5,2,1,1,4
12.60,c,2,Girardotia,,,sp.,5,2,1,1,4
12.60,c,2,Pholadomya,Pholadomya,,reticulata,5,2,1,1,4
12.60,c,2,Pholadomya,Pholadomya,,reticulata,5,2,1,1,4
12.60,c,2,Pleuromya,,,aequistriata,5,2,1,1,4
13.20,c,2,Pholadomya,Pholadomya,,reticulata,5,2,1,1,4
13.75,c,2,Pholadomya,Pholadomya,,reticulata,5,2,1,1,4
13.75,c,2,Pholadomya,Pholadomya,,reticulata,5,2,1,1,4
13.75,c,2,Pleuromya,,,uniformis,5,2,1,1,4
13.75,c,2,Pleuromya,,,uniformis,5,2,1,1,4
14.25,c,2,Pholadomya,Pholadomya,,reticulata,5,2,1,1,4
14.25,c,2,Pholadomya,Pholadomya,,reticulata,5,2,1,1,4
14.85,c,2,Pleuromya,,,uniformis,5,2,1,1,4
14.85,c,2,Pleuromya,,,uniformis,5,2,1,1,4
15.25,c,2,Pleuromya,,,uniformis,5,2,1,1,4
15.25,c,2,Pleuromya,,,uniformis,5,2,1,1,4
15.25,c,2,Pleuromya,,,uniformis,5,2,1,1,4
16.70,c,2,Homomya,,,sp.,5,2,1,1,4
16.70,c,2,Homomya,,,sp.,5,2,1,1,4
16.70,c,2,Pholadomya,Pholadomya,,reticulata,5,2,1,1,4
17.30,c,2,Pleuromya,,,uniformis,5,2,1,1,4
17.30,c,2,Pleuromya,,,uniformis,5,2,1,1,4
17.30,c,2,Pleuromya,,,uniformis,5,2,1,1,4
17.95,c,2,Pholadomya,Pholadomya,,reticulata,5,2,1,1,4
17.95,c,2,Pholadomya,Pholadomya,,reticulata,5,2,1,1,4
17.95,c,2,Pholadomya,Pholadomya,,reticulata,5,2,1,1,4
17.95,c,2,Pholadomya,Pholadomya,,reticulata,5,2,1,1,4
17.95,c,2,Pleuromya,,,uniformis,5,2,1,1,4
18.85,c,2,Pleuromya,,,uniformis,5,2,1,1,4
19.85,c,2,Pleuromya,,,uniformis,5,2,1,1,4
19.85,c,2,Pleuromya,,,uniformis,5,2,1,1,4
20.45,c,2,Pholadomya,Pholadomya,,fidicula,5,2,1,1,4
20.45,c,2,Pleuromya,,,uniformis,5,2,1,1,4
20.45,c,2,Pleuromya,,,uniformis,5,2,1,1,4
20.45,c,2,Pleuromya,,,uniformis,5,2,1,1,4
20.45,c,2,Pleuromya,,,uniformis,5,2,1,1,4
21.45,c,2,Homomya,,,sp.,5,2,1,1,4
21.45,c,2,Pholadomya,Pholadomya,,fidicula,5,2,1,1,4
21.45,c,2,Pholadomya,Pholadomya,,fidicula,5,2,1,1,4
21.45,c,2,Pleuromya,,,uniformis,5,2,1,1,4
21.45,c,2,Pleuromya,,,uniformis,5,2,1,1,4
24.55,c,2,Homomya,,,sp.,5,2,1,1,4
26.70,c,2,Pleuromya,,,uniformis,5,2,1,1,4
27.90,c,2,Pholadomya,Pholadomya,,reticulata,5,2,1,1,4
